smiles,Y
CC1OC(=O)N(CCO)C1(CO)C(N)C(N)=N,0
CC(CC#C)OC(=O)C1=C(O)C(=CO1)N=CN,0
CC(CC1CC1C)C(C)(C)C1=CCNCC1,0
CC1C(CO)C2CC(C1CCO2)C(C)(N)C#N,0
CC1(C)CNC2CC(C3CC3(O)C2)C1(C)C,0
CC1(CCCN1)C1=C(CO)N=CN=C1CCN,0
CC1=C(OC(N)=C1N)C1=CN=C(CC#C)N=N1,0
CC1C(O)COC(=O)C1=C1CC(N)(CN)C1,0
CCN1CC2(O)C3CC3C1CCC2C=NO,0
CCC1CN(C)CC(O)C(C)C(C)N=C(N)N1,0
CCC1OC(CCN)(CC(C)N)CCCC1N,0
CC(CCC1CCCC1N(C)C(C)C#C)C=O,0
CC(=O)NCC1(N)CC2CCC(O)(C2)C=C1,0
CCN=COC12COC(CN)C1CC(N)C2O,0
CC1NC2CCN(C2)C(=O)CC(=O)C1(O)C#N,0
CC1N=C2CC(=NO)C(C(CO)C#N)N2C1C,0
CN1C2=CC(=CC2=CNC1=N)C(=O)OCCO,0
CCC1(C2CCC1N=C(NC)N2)C(O)=O,0
CC(CN=C(N)N)C1(CN(C=N)C(=O)O1)C#N,0
CCC1=NC2C(COCC(C=O)C2(C)CO)O1,0
CCC(O)CC1CC(CCC1C(C)C)C(N)=O,0
CC1CCC(N)C(C(O)=O)C2=C(ON=C2)C1N,0
CCCC1NCCNC(CCCC1C)C(O)=O,0
CC1(C)NCCCCOC2=COC=C2C1(C)C,0
CC1=C(I)C(=O)C2=C(N1)C(=CO2)S(=O)(=O)CO,0
CC(C)(CN)C(CNC=N)C1(C)OCCO1,0
CC(C)C1=C(C)OC2=C1N=C(O)OC(=N)C2=N,0
CC1CC2N3C=C(C)C4=C3N3C(CC1C23C)=N4,0
CCC1OC1CC(OCC(CO)NC)C#N,0
CC(C)C1NC2CN=CNCC2C1(C)CCO,0
CC1CNC(=O)CC2C3OCC3=CCC12,0
CC12C(CN=C(N)C1N=CN)NC1=C2N=NS1,0
CC1CC(=O)CC(NC=O)C(=O)COCCN1,0
CC1=NC(N2C=NN=C2)=C(O)C(C(O)=O)=C1Br,0
CC1=CN2N=CC(O)=C2N=C1C1=NSC(=N)S1,0
CC1(C)C(O)COC2CCOCC1(C2)C(N)=N,0
CCCC(=NO)C1OCC2CC2C1(O)C#N,0
CCC(COCC#C)C1=C(N)C=C(CC=O)N1,0
CC1=C(N)C2(C)CNC(C2)=CS(=O)(=O)C1=NO,0
CC1=NC2=C(S1)C1(O)CCOCC1(N)C(O)C2,0
CCC1=NC2=NC=C(S2)C(=O)OC(C)C(C)O1,0
CC(O)C1C(N)=C(C)C(=NO)C11OC(C)C=C1,0
CC1(OCC(CO)C2NC12CCO)C=NO,0
CCC12CC3=C(C(N)=C(C)N3)C1(C)NCC2N,0
CCC1=C(NC(COC)=NC1=N)C1=CN=NN1,0
CC(O)CN=C(NC(C)=N)C1NCCCC1N,0
CC1=CC(N=C(N)C(N)C2=NSC(=O)O2)=NS1,0
CCOC1(CN)CN(C)C2=C(NC1=O)ON=C2,0
CCC(OC=N)C1N=CNC(CC)C1(N)C#N,0
CN1C2C(C=CC2N2N=NC=C2C1=N)C#N,0
CC1C2C3CC(CC(CN)C(=O)N3)C12C#C,0
CCC12CC11NC(C)C(C(C)N)=C1C(C)N2,0
CCN1C(=O)C(C)CC(O)CC(O)C1=O,0
CC(O)C1=CC(=CS1)C(=O)C(CO)C(=O)C#N,0
CC1N(CCC1(C)C1=NC(=CN1)C#N)C(C)=N,0
CC1CC=CC2CC2N1S(=O)(=O)C1=NON=C1,0
CCC1=CC(=O)CCC(C)N1C(=O)C#N,0
CC(=O)N1CC(O)(CO)C2C(=O)OCC12C#N,0
CC1=C(CN)C(C)(O)C#CC=CC2NC12,0
CC(C)C1=CC2=C(N=C1)N=C(O)N=C2CC#N,0
CCC1(CC2(O)CC2NC(C)C1N)C#C,0
CC1NCC(C#C)N2C=NC(C#N)C2C1C#C,0
CCC1NC2=NCC(=O)CC(=N)OC1(O2)C=O,0
CC(C)NC1=NCC(C(O)COC(N)=N)C1C,0
CC(C)C1CN(C)C2=C(OC(C)=N)C=CN12,0
CCC12COC(CO1)C(C)(C)C2C(=O)NC=N,0
CC1=CC2C=C(CCC3C(N23)C1=NO)C=O,0
CC1(CC2NCC(C1)(NC(=N)CO)C2O)C=O,0
CC(O)C1NCC(=N)NC=NCC1(CN)C#N,0
CCC1C(C(C)C)C2=CNC=C2CCN1C=O,0
CCNC1=C2ON=CC(=N)C(=N)C2=C(CO)N1,0
CCC(CO)CCC(C)(C(C)O)C(C)(N)CC,0
CC(C)C1(CO)CN2CC(N)CC(N)CC2=N1,0
CC(CN)NC(CCO)C(C)N=C(N)CCN,0
CCC(CC)NC(C(N)CN)C1(O)CCCC1,0
CC1CC2COCC(O)(CO)CCC2C(=N)N1,0
CC(O)C1(O)CCN=CNC2(C)CN(C)CC12,0
CC1CC2(C)CC(CN=CN)C(N)(CN1)C2N,0
CC1C2C=CC3=NC(C#C)C(O3)C1N1CC21,0
CC(C)(CC(N)=O)C1CCOC(CN)CCO1,0
CC(O)CC(NC=N)C1=C(CCO)SN=C1N,0
CC12CC(N1)C1C=C(CO)CN=CNC21,0
CCCCCN1CCC2(O)COCCC12CC,0
CC1=C(C=NC(CCC(C)(C)N)=NC1=O)C#C,0
CCC1C2CC(C(CN2)=NO)C11CC(C1)=NO,0
CC(C)C1CCC2CC(N)(CN)C(O)C1(C)O2,0
CC1(CCN1C(=N)C(=O)C(N)=N)S(=O)(=O)C#C,0
CC1(O)COCOC(=N)C2=NCC(=N)N2C1=O,0
CCCC(C)CN1CC(O)(COC)C1(C)C,0
CCC1=NC2=C(OC(=C2)C(N)COC)SC1=N,0
CC(C)CC12C(C)CC1C1OCC2C1N,0
CC(O)C1COC(C)(CC(=O)C#N)C1(C)C#N,0
CCC(C(O)C1(O)C(N)C1N)C(=O)NC,0
CCN1CCC(CC1CC(=O)OC)C(C)C#C,0
CC1=C2CNC(=N)C2=C(N)NC(=O)C(=O)C1=N,0
CCC1N=COCC(CCC1(N)C(C)C)C#N,0
CC1NC(CN=C(N)C1(O)C(C)=O)C#N,0
CC1NC2(C=CC3COC2(C=C3)C#N)C1=NO,0
CC1C(CN)N=C2C(CCC3CN23)C1C#N,0
CC1COCC2COC(=NCC(C)=NO)C2N1,0
CCN(C)C(C)C1CC2CC(O)C1C(=O)OC2,0
CCC1C2COC(CO)C1S(=O)(=O)C(C)N2,0
CCCNC1C(C)C2NCC1(C2C#C)N(C)C,0
CC(OC1OC(C)C(NC=N)C1CCN)C#C,0
CC12CC11CC(=N)OC1(CC=NO)CC=C2,0
CC12N(C=CC1=O)C=CC(=N)NCC21CO1,0
CCC1OC2(CNC)C3COC(C3)C1C2NC,0
CC1=COC=C(C)C2=CN=CC(=O)C(O)=C2O1,0
CC1=CC2=C(OCO2)SC(=N)NC2=C1SC=C2,0
CC(O)C(=NO)C1CC1C1CCC(C)OC1,0
CC1C(O)C2C(=N)OC(C)CC3N=CN1C23C,0
CCCC12CN=CNC1=NC1=C2N(C)C(N)=C1,0
CC1(C)CCC(O)(CN2N=CC(N)=N2)COC1,0
CC1CC2CNCC(C=O)C1(C)N(C)C2C#C,0
CC12CCCC(COCCC1NC(=N)C#C)N2,0
CC1CCC(C1NCCS(C)(=O)=O)N(C)C,0
CC1C(C)=CC2OCCCNC2(C)S1(=O)=O,0
CCC(CNC)(OC)C1=NC=C(O1)C(C)(C)C,0
CC1C2CCC(N2)C2CC(N)C(O)C2C1C,0
CC1C(O)CC2N3CC(=CC123)C1=NCCN1,0
CC1=NOC(=N1)C(=N)OC1=C(C)NN=CC1=N,0
CC(C)C12C(N)C(CN1C)OC(C)COC2=O,0
CC(N=C1NCC=C1)C1(N)CNS1(=O)=O,0
CCC1(C)CC(C(N)C(C)=C1)C1(C)CCN1,0
CC1(CC2CN2)CC(=NO)C(O)CC(O1)C=O,0
CC1(O)CNC=NCCOC(=O)CC(N)C1O,0
CC1OCC2(C#C)C(C)(N)CC(N)(CN)C12O,0
CCCN=C1C2=C(CC=C2)ON=CC1=O,0
CC1COCC(O)C(C)C(C1)C(N)C(C)(C)C,0
CC1CC2CNS(=O)(=O)C(C=O)C=C2S1(=O)=O,0
CC1(C)CC2(CNC(=O)CN2)C(=O)NC(N)=N1,0
CC1=CS(=O)(=O)NC(=NC2CNC2)N=C1N,0
CN1CC2NC3C(C12)C(O)C(=NO)C3(C)O,0
CC1=C(NN=CC1=N)C1=C2CC(N)=NC2=NO1,0
CC(C#N)C1CC2=C(NC(=N)C(N)=C2Br)C1N,0
CC1CC2CC1C1CC(N)CNCC1(C)NC2,0
CC(N=C1OC2CCCC1OC2=N)C(O)CN,0
CC1CNC2(C)C(N)C(C)(N1)C(O)(CN)C2O,0
CC(=N)N(C=O)C1(CN)C2CNC1C(O)CO2,0
CC12CCC(O)(C1)C(N)CC(O)CC2,0
CC1=CN(C=O)C2C(CCC1C2=NO)C=O,0
CC1CC(N=C(N)C1C#C)C(CC#N)N=CN,0
CC1=C(COCCNC(=O)CN)C(O)=C(O)S1,0
CC1N=CNCC#CC(C)C(CN)C1C,0
CC1CC2CNC3CCC(C)(O)C3(CO)C2O1,0
CC1CC(C)(C)C(CC1O)C(O)C1=CN=NO1,0
CC1CC2OC(C1)C1CC(CNCC=O)CC21,0
CC1(CO)NC(CO)=NC1(C)CCC(N)CO,0
CCC1N2CC(C(C)CN)C1(N)C1=NOC=C21,0
CC1C2CC(N)C(C#C)C2CCCC1(C)CN,0
CC1CCNC(CC(NC=O)C#N)=N1,0
CC1(CN(CCC2=NNN=N2)C2CC12)C#C,0
CC1=CC2CC1NC(=O)CN2C(=N)C=NO,0
CC1CNC(=O)OC(OC=N)C1(C)OC(N)=N,0
CC1(C)OC(=N)C2CCCOC=NCC1C2N,0
CC1CC2(CN)COC(C)C(C)C3=C2C1=NO3,0
CC1C2OC(=O)C1(C)C(CNC(=N)CO)C2N,0
CC(C)C1C2CNC(CO)C1C(C)C2C(C)N,0
CCOC1=C(C)SC2=C(C(C)C(C)CN2)C1=O,0
CC1=C2CC3CCCC(N)(C1C#C)C23C,0
CC1CC2CNC3C(O)C(CN=C3N)C1(C)O2,0
CC1=C2C(=O)COC2(OS(=O)(=O)N1)C#N,0
CCC1C=CC2C(O)C2C#CC2=NC=C1N2,0
CCC(C(O)CO)C(O)C1=NC(CN1C)C#C,0
CC1=CC(OC2=NOC(O)=C2)=C(CCCN)N1,0
CC(C)C1=NC(=NO1)C(OC1=CSC=N1)C#N,0
CCC(N)(CCN(C)C=N)C1CC(N)CN1C,0
CC12NC=NC1C(NC(C)(CC=O)C2O)C#N,0
CCC(C)(C(CO)CO)C1=NC(=N)N=C(Br)N1,0
CCC(C)C12CC(=O)C(C)(CC(C)C1=O)N2C,0
CC(=NO)C1C2N1C1COC(CCC2=C1)C#C,0
CC1CC2CNCC(CN)C22C(C)NC(=N)N12,0
CC(CO)C1C(C)CC2=C1C=NC=C2C(N)=O,0
CC12N=C3NC(CO)=C4CCC1C2N34,0
CCC(C(OC)C=O)C1=C(O)ON=C(Br)C1=O,0
CC(CCNC=O)(C#N)C1CC(C)(N)CC1N,0
CC12CCC1C1=C(N)N=C(O)N=C1CC2,0
CC1CC2C3C(C)OC(CN)C3(C)N=C2N1C,0
CCNC(=O)C1(CO)OCOC(=O)C1(C)C=O,0
CCN=C1OC2=C(S1)C1CCC3(N)C2C13N,0
CC1NC2CC1(N(CCC2)C=N)C1=CN=CN1,0
CC12CC(N)=NC11CCCOCC1=CC2=O,0
CC12CCNC(=N)C1(CO)C1NC(=O)CC1N2,0
CC1NC2CC3(CC3)NCC3CCOC1C23,0
CC(CC(=NO)C1OC1C)N1CCC=CC1,0
CC(C)CC1COC(=O)CC1C(N)C(N)C#C,0
CCC1C2C3C(N=C2N)C32OCOCC=C12,0
CC1(C2CC3OC3(CN)CN12)S(O)(=O)=O,0
CCC1C(N)C(=O)NC(CN)C(C)(N)C1(C)N,0
CC1OCC(N)C(C=C1C#N)C1=NNC=C1,0
CCCC1(C)OC(=O)C(C(CO)C(C)N)C1C,0
CC1NC(CCCN)C2=CCCCC12O,0
CC(CNCCC1=CCOC1=N)C=O,0
CCCC1=CC(C)(OC)C2(N)CC1(O)C=C2,0
CCC(O)(CO)C1CC(C)(CN)CCC(=O)N1,0
CC(=O)C1(C)CNC(N)=NCC(=O)NC(=O)O1,0
CC1CCC(C#C)N(CCN)C(C)CC(C)C1,0
CC(O)CN1CCCCOC2=C(C1)OC(=N)S2,0
CC1C(O)C2CN=C(N)NC12C(O)CO,0
CN1CC2CNC(CCCO)CC2C(=O)C1=N,0
ClC1=NC(C=O)=CC2=C1SC1=C(OC=C1)C2=O,0
CC1C2NC(=N)C3OCC4=CNC1=C4C23CN,0
CC1CN2C(CO1)C(OC2=O)C1NCC1O,0
CC12CCCCC1(CC(O)(C=NO)C=NO)N2,0
CC(O)C1(CO)OC2C=C(C)C(C12)S(N)(=O)=O,0
CC1C2N1CC1(O)CC(O)(CC1C)C2(C)O,0
CCN(C)CC1CC(OC(N)=N)C(CN)C1C,0
CC1NC2C(OC1=N)C(=O)C2(C)OC=N,0
CC12OC(C(N)=N)C1(CO)CC=C2,0
CC1COC23C4NC(C)C22CCOC2OC134,0
CCCC12CC3=NSC4=NC(NC1C#C)=C2N34,0
CC1(C)CC2(OCOC2=N1)C1CN=C(N)C1N,0
CCC(=O)C1(CCOC=NC1)C#N,0
CC1C2C(=CS1(=O)=O)C1OC1C=CNC2=N,0
CC1CC23C(NC1=O)C=CC2C(=O)NS3(=O)=O,0
CCC1=CC(N)CC(O)CC2(O)C(C)C12,0
CN1CC2(C3CC(C=O)=C1C23O)C(C)(C)O,0
CCCC1(C)C(=N)NCC(O)C1(C)C(O)C#N,0
CC1(N)C(C)(OC=N)C11CC(=N)NC1(C)C,0
CC(C(C)C(O)=O)C(COC(N)=N)S(C)(=O)=O,0
CC1(C)NC(CCCC1N=CN)C(CO)C=O,0
CC#CC1=NC(=O)N=C(C(C)=O)C(O)=N1,0
CCC1(N)C2CN(C)C(C1NC)C(O)(C2)C#C,0
CC1COCC(N)(C(N)C1)C(CO)(C#N)C#N,0
CC(C)C1NCC(C(N)C(O)C(N)=N)C1CO,0
CC(NCC1CC(=O)C(N)=N1)C1=C(N)NC=C1,0
CC(=O)NC1=CN=C(Cl)N=C1C(=O)C(C)=O,0
CC12NC(C#N)C1C(C#C)=C(C#N)C2=NO,0
CC1(C=NO)C2C3NC(=N)C(C23)C(=O)C1O,0
CC(C)CNC1=C(C(C)OC=N)C(C)=NN1C,0
CCC1(O)CC2CC1C(=O)C(C)(CC2C)C#N,0
CCC1C(C)(COC=N)CNC1(CCO)C#C,0
CN1C=C(Br)C(CC2=C(O)SN=C2N)=NC1=N,0
CC1CC(CC#N)N1C1CNC=CS1(=O)=O,0
CN1C2C=CN(C)C(=O)C2C1C(N)CN,0
CCCC1(C)OC2CC1C1(NCCC1=O)C2O,0
CC(=O)C1=C(C=CO1)C1=NC(C)=NC=CC1=N,0
CC(N)=NC12CCC1OCC2C(C)(N)CO,0
CC(N)C(N)COCC(=N)N1C(C)C1CN,0
CCCN(C(N)=N)C1(CCO)CCN(C1)C=N,0
CCN=C(N)CC12OC1C(C)(C)S(=O)(=O)C=C2,0
CCN1CC(N=CN)C(C)C1(CC)C1CO1,0
CCNC1(C)COC(OC=O)C(=O)OC1CO,0
CN1C=C2C3OC(OC=N)(C(N)C3C#C)C2=C1,0
CCC(N)C1N=C2N(CC3OC1C23O)C=O,0
CCCC1CCC(O)C(O)C2N=C1NC2C=O,0
CC(CCO)NC1=CC(=N)SC(Cl)=C1N(C)C,0
CCC(C)C1NC2(CC#N)CNC1C(N)C2C,0
CCNC1CCN(CC(C)C)C(NC1=O)=NC,0
CC1(O)C(N)C2(CN=CN)CCC(O)C1C2N,0
CCC(C)C(C)(CC(=O)CCC(O)C#N)OC,0
CCOCC(C)N=C1NC(CC(C)O1)C(C)O,0
CC1OS(=O)(=O)NC1C12CC(C)(C1O)C(=O)N2,0
CC(N)C1=C(Br)NC(=N)N=C1C(=N)NC(C)=N,0
CCC(C)OC1(C)CCC(C=O)N2N=CN=C12,0
CC(CCC1C(=O)C2CC1(C)OCC2)NC=N,0
CC1(COC2CCN=C3CC(CN3)C12)C(O)=O,0
CC1C(C(N)CN)C2(N)CC(C#C)C1C2C,0
CCC(N)C1=C(SC(=N)N1)C1CCCC(=N)O1,0
CC(C)N(CC1(C)CCCN(C)C1)C(C)CO,0
CC(C(CC(N)C#N)CC1CN=CO1)C(N)=O,0
CCC(O)C1(C)C(C)NC(C)C1(C)CCNC,0
CC1CC(C#N)C(NC=N1)C(N)C1=NC=CN1,0
CC1(C)C#CS(=O)(=O)NC(=O)OC2CCC1C2,0
CC1(CN(CCC=O)CCOC1=O)NCCO,0
C#CCC12CNCCC(O1)C(C=C2)C#N,0
CC12CNC(C3CC3C1)C(O)C1=CCOC21,0
CC1C(C(O)C=O)C(O)(CN=CN)C(=O)C1=O,0
CC12CC(=N)NC(C#C)=C1C=C1CNC21,0
CC1(N)CCN2C3=C(N(C=O)N=N3)C(=N)N=C12,0
CCCNCCC(=O)C(O)C1=CSC(CC)=C1,0
CCC1CCC2CCC=CC1N2C1CC1C,0
CC1CNC(C)C(OC2(CNCC2N)O1)C#N,0
CC1=C2C3=C(NC(=O)C3(C)OC2(C)CCO)N1,0
CC1=CC2=C(SC1=N)N=C(C)NC=C(N)C=N2,0
CC1CC1C12CNC(CN)C(C1)C(C)CO2,0
CCC1(OC1C1CS(=O)(=O)NC1=N)C#C,0
CC12CNCC(CN)(C1)NC(=N)NCC(N)C2,0
CC1CN=C(O1)N1N=C2OC=C(Br)C(=O)C2=N1,0
CCC1(O)C2NC(C=C2)C=CC11CCOC1,0
CC1OCC(C#N)C(O)(C(=N)NC=O)C1(C)C,0
CCC1CN=C2C1COCC1C(C)OCCN21,0
BrC1=CC(=N)NC2=C1CCCN=CNC(=N)N2,0
CC1CC2CC(C1)NC(C2)(C#N)C1=CSC=C1,0
CC12CC(C1)C(NC1=C2NN=C1)S(O)(=O)=O,0
CCC(=O)COC1(CC#C)CCC(C1)=NO,0
CC1CC(CCOC2(C)CC(C2)N1)NC=O,0
CC1C2NC(C3C(C#N)C23)C2=C1SC(N)=N2,0
CC1=CC=C2C=C(OC=NC=N1)C(=O)C=C2Br,0
CC1C(C=NO)C(=NO)C1N(C)CC(=O)C#N,0
CCC12CCCCC(CC1(C)O)(N2)S(N)(=O)=O,0
CC1=C2N=NOC2=C(O1)C1=C(Br)C=NC(=N)N1,0
CC(C)C(C)N1C(=N)C(N)=NCC1=NCC#C,0
CC1=CC(=NO)C2C(=O)CNCC2(CN1)C#N,0
CCC1CC2NCC(O)CC(C1O)C2(C)CO,0
CCOCC1=C2C(NCC2(C)C)=C(CO)N1C,0
C=C1COC2(CC=O)CNCC1C2,0
CCCCNCC1=CC(=CCCC1)C1CO1,0
CCC1(C)NC(=NC(C#N)C1(O)C#C)C(N)=O,0
CC1N(C)CCNC(=N)C(C)(C#N)C1=NO,0
CC(=O)CN=C(NC(=N)C#N)C1CNC(=N)O1,0
CC(O)C(C)(N)CC1(CNC1)C(C)CO,0
CCC1C(CO)N=C2C1C(O)C(C)N2C(N)=N,0
CC1OCC2N(CCC#C)C12S(O)(=O)=O,0
CCN1CC2=NC(CC#CC(C)(C)C1)=CS2,0
CC1=CSC(=N)C(S1)=NCC(O)C1=NSN=C1,0
CCNC1(CC(N)C2=C1OC(O)=C2C)C(C)C,0
CC1C2CC3C2C(CC3(C)N)C1(C)N,0
CC1(CO)CC2=CC=C(O)SC=NC=C2CN1,0
CCC1=CNC2=NC(C#N)C(C)(OC)C12C,0
CC1CC2C(N=CN1C)C1CC(CO1)OC2=O,0
CCC1OC2CCN(C)C2C(C1CC)C(O)=O,0
CCC1=C(COCC(O)C#C)N=C(CC=O)N1,0
CC1(CN)N=CNCC(N)=NCC(=O)NC1=N,0
CCC1C(CO)CC2COC2(CC)C1N,0
CCC1(COC)CC(OC(=O)NC(=O)O1)C#N,0
CCCCC1(C)NC(C(CN)C#N)C(O)C1C,0
CC1=CC23CN2C(=O)N2C3C1C1=C2C=NN1,0
CC(N)C1=C(CC#CCC#N)OC(=O)N1,0
CC1C2OCC1(CC1OC1C#N)NC2C=O,0
CC1(CC(CN2N=CC=N2)CS1(=O)=O)C#N,0
CCN=C1NC(N)=NCC2C(C)NC(=O)C12,0
CC1OCC2CC1NC(C)CC2(N)CCC#C,0
CC1(C)CCC(C)(CC2=CC(=NN12)C#N)C#N,0
CCC12C(N)C3OCC(C13)C(C)CC2O,0
CC1CCC2=CC(O)=C(COCO1)C(=N)N=C2,0
CC1=C(O)C(CCC2(N)CC2)=CC=C1O,0
C#CCC1CCC2N1CC2(C#C)C#C,0
CC(O)CN(C)C(N)=NCC1=CC=NC(Br)=C1,0
CC12CCOC3CC=CCC(N)C13C2N,0
CCC1CNC(CN)CN(C)C2=C1N(C)N=C2,0
CC1N=C(N)C(N)C(O)C=CC1CC#C,0
CCC1C(N)C(NC)=NC2C(C)CNCC12N,0
CC1=C2OCC3=C(OC(C)=NC(S1)=C2)SC=C3,0
CC1(NC=N)C2CC3=C(NC(=O)S3)C=CC12,0
CCOC(CC1=CN=CC(=N)N=C1N)C(C)C,0
CC1C2CC(NC3CCC1N(C3)C=N)C2=NO,0
CC1CC(N)C(C1)C(O)COCC(N)=N,0
CC1CN2C(=N)SC=C2N1C1=CN=CC(O)=C1,0
CC(C)N=C1OC(COCC=O)C(=N)NC1=O,0
CCC1NC2CNC(CC1C1=C2C=CO1)=NC,0
CCCC1CN=C2C(N)CC=C(CN12)C#C,0
CC1C2C3N2S(=O)(=O)C2OCCC11OCOC321,0
CC1(N=CNC1=N)C1(N)C(N)CC(O)CC1N,0
CC1NC2CCCC2(O)C11OC(C)=NC1C#N,0
CC1NCCOC(C)C1CC1C2CCC1O2,0
CCC(C)NC1(C)C(=N)OCOC1(CO)C#N,0
CCC1(O)CC(=NO)C(CC1(C)C)NC=O,0
CCC1=C(CO)CCC23CC12CNC3=O,0
CN1C2CC(=N)NC2=NCC(=O)CN=C1CO,0
CC1C2(C)OC3OC(C(CN)C3C)C12O,0
CCC12C(CCC1=NO)NC13CC1C(=N)OC23,0
CC1(N)CC2C(NC1CC2(C)O)C(O)C(N)=O,0
CC#CC(C)(C)CC1N=C(N)C2C(C)C12O,0
CCC(C)(C)CN1C=C(OC1=N)C(N)CC#C,0
CC(O)C(N)(CCC(N)=NCC(N)C#C)C#C,0
CCC1CNC(C)(CN(C)C(=N)CNC=N)C1,0
CCC1(CCCNC(=N)C2=C1SC(N)=N2)NC,0
CC(C)(O)CN=C1C(C=O)=NON=C1C(N)=N,0
CCC(CC1COC2C(CS2(=O)=O)C1O)=NO,0
CC1(CO)CC2(CCCO)NC=NC2C1CN,0
CC1CC2(CO)OC2(CO)C(NC(N)=O)=N1,0
CC1=C2C(CC3(O)CC(N)C2(CC#N)C3)=CS1,0
CC12CC(CN=C1N)C(C)(N2)S(C)(=O)=O,0
CC(CO)C1(O)CN=C(N)NC(C1)C(C)=O,0
CC1=CC2(N)CC(O)(CS(=O)(=O)N1)C(CO)=C2,0
CC1NCC2CC3CC(=N)NC=NC3C1C2O,0
CC(C)CCOC1=NCCNC2=NNN=C2N1,0
CCOC1CN=C2NC(C#C)(C#C)C(O)C2C1,0
CC1=NC=NC2=C(NC=CN2)C2=NC(C=N2)=C1,0
CC1NC(N)=NC1(C)C1NC=NCC(O)C1C,0
CCC(=O)CC1(CCOC1C(C)=O)N(C)C=N,0
CC1C2CC3(CCC3)C1(C)C1CC2OC=N1,0
CC1C2C(CN)C2(N)CCC1(N)CC(N)=O,0
CC1N(C)CC(C#C)C(C#C)C2NC2C1=O,0
CC(N)(CO)CC1(N)CCC2NCC2=CC1,0
CCCC(O)C(C)(N)C1=NC(CNCC)=CN1,0
CCC(C)(C#C)C(O)C(C)(C#N)C(C#N)C#N,0
CCC1N=C2C(C1C)C1(O)C3C(CC1N)N23,0
CC(C)N1C(=O)N(C)C2=C1C1=C(C2)C(N)=NO1,0
CCC(CN)(CN)N(C)C1=C(CN)NC(=N)N1,0
CC1C2N=CNCC2(N)C2CC(N1C)C(=N)N2,0
CC(C#N)N1C=CC2=C1C1CC2C1(C)C#C,0
CC1CC2(CC3=CCC(O)CC(=C1)C23)C#N,0
CCC1C2CC(NC1=NC)C(N)C(=O)OC2=N,0
CCN1CCC2=CN=C(CC)C=C2CC1=O,0
CCC1=C(N=CN1)C1OCC2C(N)CCC12,0
CC1(C)NC2CC1C(C)(C)N1CCC(N)C1C2,0
CC12C(N)C(C1N)C1CC=C2CC#CC=C1,0
CCC1CCC(C(N)=O)C2(C)CNCC(C)N12,0
CC(CC(O)C#N)C1CNCC2NCCCC12,0
CC1N2CC3C4C2C(O)(CNC34C#N)C1=NO,0
CC(CO)N=C1N=C2NC(=N)C(C)=NOC2=N1,0
CCNCC12OCCC1C1NCC1=CC2=O,0
CCOC1CCC(O)C2(CN)C(C)CCC12N,0
CCC1NC(N)=NCC2CC(CC12N)NC=O,0
CCC1C2=C(C)OC(CO)=C2OCCNC1=O,0
CC#CCN(C(C)=N)C12CC(NC1)S2(=O)=O,0
CC1C(C)C(=N)OCOC2=NC=CC(=N)N=C12,0
CC1=NS(=O)(=O)C=C(O1)N1CC1CC#N,0
CCC(CC(C)(C)C)C(N)C(CC)S(O)(=O)=O,0
CCC1(CNC(=N)NC1C)N(CC=O)C=NC,0
CC(C)N1C2=CC(=O)SN=C2C2=C1C(O)=CO2,0
CC1(CC2C=CC1CCC2N)C1COC1=O,0
CC1COCCC11C(CO)NC2=C1N=C(N)O2,0
CC1=C(C=C(NCC2=C(N)OC(N)=C2)N1)C#C,0
CC#CC12CNC1C(C)(CC#N)CS(=O)(=O)C2,0
BrC1=CC=C(CCOCCNCC#C)C(=O)N1,0
CCC(O)C1CC1C(O)CCC1=CNN=N1,0
CC1(C(CNC=N)C(=N)N(C=O)C1=N)C(O)=O,0
CCCC(=NO)C#CC(CC1CN1)C(N)=O,0
CC1CCNCC(CN1)NCCC(CO)C#N,0
CCCNC1=CC(C)=C(O)C2=NNC(C=O)=C12,0
CCC12CCN(C1)CC1CC(O)C2NCC1O,0
CCC1=C(N)C(=CN=C(CO)SC(C)=N1)C#N,0
CCOCC1=NN(N=C1)C(=O)C1=NOC(=N)O1,0
CC1(COC2=C1C(O)=CN=C2O)C(N)C(O)=O,0
CC1CCCC1(C1(C)OCC1=NO)S(N)(=O)=O,0
CC1NC2=NC3CCC(OC3)(C#N)C1(CN)N2,0
CCC1=NCC23C(C)C(O)C(N)C2(C#C)N13,0
CC1C(O)CCC(O)C(C)(C)C=CCC1=NO,0
CCCC1=CC2=C(C(=N)S1)C(C)=NC=C2CN,0
CCOC1=COC2=C(O)C(=N)C(N)=C(O)C2=C1,0
CCC1=NOC(=NC(CO)C#C)C(C#N)=C1N,0
CC1(CN(CCC#C)CC(N)(C1)C#N)NC=O,0
CCN=C1C=CC2=C(N)OC(CO)=C(C)N=C12,0
CCN=C(N)C1(CNC)NCC(OC)OC1C,0
CC1CC(N)(C(C#C)N(C)C)C(C#N)C1(C)O,0
CC1C(O)CC23C1C(O)CC2(C=NO)N3C,0
CC1N=C2NC(C)=CC2C=CC(C)(O)C1O,0
CC(CC(O)=O)C1CCNC(C(O)=O)C(=O)N1,0
CC1COCOC(=N)C(C)C(OC=N)C(N)=N1,0
CC1NC2CC1C1(OC(=O)OC21C=O)C(N)=N,0
CCC(C(C)C#C)N1C=C(C)C(CC#C)=C1N,0
CCC1(CC(OC)C(C)CO)OC(=N)CC1=O,0
CC(C)C1(O)C(C)C2OC(=N)C1OC2(C)CN,0
CCC1NC2CC3OC4C3C2C1C(C)C4N,0
CC1C2N1CC13NC1C1NC21C3=O,0
CC(=O)C(O)C1=C(C)C=NC=C(NC=N1)C#N,0
CCC1CC2CN3C(C)C(=O)C3CC1C2=O,0
CC1(O)C2NC2C=CC(=O)C=CNC1=N,0
CC1OCC(C#C)C2(N)C(CC#C)C1N=C2N,0
CC(C)C1OC(=O)C2(C(C)CCC2(C)N)C1N,0
CC1OC2(C)C1OCC(CC(=NO)C2C)=NO,0
CCC(NCC1CN(C)C=N1)C(C)(O)C#N,0
CC(N=C1OC=NC=C1)C1=CN=CC(C)=C1Br,0
CCC12CCCC(C)(C#N)C1C(O)C2(C)C,0
CC1CC2NCC3OC(=NC23C1O)N(C)C=N,0
CC1=C(C)C(N)=C2C(CO)S(=O)(=O)C3(CC3)N12,0
CC1=NC(NC2=C(O)C=NN2)=NC2=C1SC=N2,0
C#CC1NCCCNCC1C1CN=CN1,0
CC(C)C1(O)C(N)=NCC(=N)NC(=O)S1(=O)=O,0
CC1N=COCC1CN1N=CC(N)=C1C#N,0
CC1(CCN)CCN(CCO)C1(C#N)C(O)=O,0
CC1NC23C4CC(CC2C1C3=O)O4,0
CC1OCC2(CC1OC=N2)C1CC(N)CC1O,0
CCN1C(=O)C(=N)C(C=O)=CC(CNC)=C1C,0
CCC1C(CC#N)C(C)C(O)C11COCC1=O,0
CCOC(C(CC)C(NC=N)C#N)C(N)=NC,0
CC1NC1(C)C1COCC2=CC(=O)C(C2)C1,0
CCC(CC(O)(CNC(C)C#N)CC#C)C=O,0
CC12NCC(CNCC3=C1OC(=N)S3)OC2=N,0
CC(C)C1=CN=C(S1)C(N)=NC1=C(C)OC=N1,0
CC1CC2CNC(CN2C)(C#N)C(C)C1C#C,0
CC(CO)C1CCC(N)C(C)(C(C)O)C1CN,0
CC1=COC(=O)C(N)=CC=C2SN=NN2C1=O,0
CC12C(CS(=O)(=O)C=O)N1CCC2(C)CO,0
CCCNC1=C(N=C(CC)S1)N(C)C(=O)CO,0
CN1CC2OC(C(=N)O2)C2(C)CCOCC2C1,0
CC1CC2CC(N1)C1(NCC21)C1=NNC=N1,0
CC1OC2=NC3=C(CC2(C)CC1(C)N)SC=C3,0
CC1CC2CN(C(=O)CN)C(=N)C2(C)N1,0
CC(OC(=O)NC(C)C1=NC=CNC1=N)C#C,0
CC1CC(OC(=O)NCCC1N)C(C)(C)C#C,0
CC1(CCOC=N)CC(OC(=O)CC1N)C#C,0
CCC1C(N)C2CC3(NCCC3O)C1(N)CN2,0
CN1C2C(CC3C(CC=O)CCC23O)NC1=O,0
CCC(CO)C1=NC=NC=C(CO)C=C(O)O1,0
CC1OCOC2CNC1CCC(C)NC2(C)C,0
CCNC1=COC2=C(C)C(=N)C(=O)C=C(C)N12,0
CC1=C2C=CC(O)C2CC2COC(=N)C=C12,0
CCNCC(N=C1COCCN1CC)C(O)=O,0
CC1CC2OC(=O)C(=N)N(C)C(=N)C2CC1N,0
CC1CC2NC=NC(C)C(O)C1CC2(O)C#C,0
CN1C=CC2=C1C(OCC2N)C1CNC=NC1,0
CC1CCCC(O)(CO)C2(CN(C)C2)C1O,0
CC1(C)CNC(C1)(C#N)C(O)C(CCO)C#N,0
CC1N=C(N)C2=NC(C)CCCC(CN2)C1C,0
CCCN(CC#N)C1=NC(ON=NC1=O)=NC,0
CC1C2C(O)C(C)=CC2(C)C=CC(=O)N1C,0
CCN1CC2OC3CNC(=N)OCC23S1(=O)=O,0
CC1CNCC(C1)(OC=NC(C#N)C#N)C#C,0
CCCC1C(CC2CC22OCCC12O)=NO,0
CC1CCC(N)C2(COC3C2C(=N)NC3=O)N1,0
CC(C)CC1=C(C)C2(C)NC(=O)C2C1(C)O,0
CCCC1(C)N(C=NC)C(C)(CO)COC1=N,0
CC1CC2CC(O)(C(N)CC2CN)C(C)C1O,0
CC1CC2(OC(C=O)C2C#N)C(N1)C(N)=O,0
CC(O)C#CC1=NC(CCCC(N)=N)=NN1,0
CC1=CC2=C(O1)S(=O)(=O)CC1=CC(CNC1)N2,0
CC(=O)C(C)(CO)C1=CC(C)=C(F)C(O)=C1O,1
CCCOC(C)(CCC1CO1)CC(F)(F)F,1
CC1=C(CC#C)C(=CO1)C1=CC(=O)C(F)=CS1,1
CC(C)C1CC2OC(C#C)C1CC2C(F)(F)F,1
CC1=C(OC=C1)C1CC(O)(CO1)C(F)(F)F,1
CCC12C(OCC1=O)OC1=CSC(=O)C(F)=C21,1
CCC(O)(C1C(C=O)C1(C)CO)C(F)(F)F,1
CC(O)C1=CC(F)=CC=C1C1COCC1CO,1
CC1(OCOCC(C(F)(F)F)C11CC1)C=O,1
CCC1=CC(C)=C2CC(CO)CCCC2=C1F,1
CC(C1CCC(CC#C)C1C(F)(F)F)C(O)=O,1
CC1C2CCCC1(CO2)C1=CC=CC(F)=C1F,1
CC1=CC=C(C(CCO)C#C)C(F)=C1CC#C,1
CC(=O)OC(C)(C#C)C(C)(C(C)=O)C(F)(F)F,1
CC1(C#C)C(=O)C2CC1(OC(=O)O2)C(F)(F)F,1
CC(=O)CC(C)(OCC(F)(F)F)C(C=O)C=O,1
CC1CC2(COC(=O)C12C(C)=O)C(F)(F)F,1
CC1CC2(OCCC2(O)C(O)C1O)C(F)(F)F,1
CCC(C#C)C(C(O)C1COCO1)C(F)(F)F,1
CC(O)(C#C)C1=C(F)C(=O)OC=C1CCC#C,1
CCCCCC(OC(CO)C#C)C(F)(F)F,1
CC1(CCC1OCC(CO)C#C)C(F)(F)F,1
CC1C2CC(O)C(CC1C(F)(F)F)C(=O)O2,1
CCC1=C(C#C)C(CS1(=O)=O)C(O)C(F)(F)F,1
CC1=C(C)C(CC1)C1=C(F)C(=O)C=CS1,1
CC1=C(CCCC(F)(F)F)C(CO)=CC(O)=C1,1
CC1OC2CCC1C1(OC21C)C(F)(F)F,1
CCOCC(C#C)(C(O)C=O)C(C)C(F)(F)F,1
CC1C2CC(CO)(CC2=O)C2=CC(F)=CC=C12,1
CC(O)CC(C)C1=C(C)C(F)=CC(F)=C1C#C,1
CCC(C)(C)CC1=C(F)C(C=O)=C(C)C=C1F,1
CCC(O)(CC1=C(C)C(O)=C(C)S1)C(F)(F)F,1
CC(C)C(C)(C1C(C)C1CO)C(F)(F)F,1
CCC1(CC(C)C2(CC12C)C(F)(F)F)C=O,1
CC1C(CC(C)(C)C)CC2=C(F)C(=O)SC=C12,1
CCC(=O)CCC(C(O)C(F)(F)F)C(C)(C)C,1
CCC1(OC)OC(C)C(C)C1C(=O)C(F)(F)F,1
CC12OC(C#C)C1CC(O)(C2=O)C(F)(F)F,1
CC1CC2C(C1)C1=C(C2=O)C(F)=C(F)C=C1O,1
CCC1C(=O)OCC1(OC)C(C)(C)C(F)(F)F,1
CC1C(C)C2(O)COCC(C1C2O)C(F)(F)F,1
CCOC1=C(F)C=C(C)C=C1C(C)(OC)C=O,1
CCOC(C=O)C1=CC(=CC=C1F)C(F)(F)F,1
CCCCC1=CC=C(F)C(O)=C1C(C)(C)C#C,1
CCC1=C(C)C(O)=C2C=CC(O)=C(C)C2=C1F,1
CC1C2C(=O)C(C2(CC=O)C(F)(F)F)S1(=O)=O,1
CCC1(C)CCC2OCC1CC(O2)C(F)(F)F,1
CC1=C(O)C(C)=C2COCC(C(O)=O)C2=C1F,1
CCC12CCCC(CC(OC1)C(F)(F)F)O2,1
CCC(CC(O)C1=C(F)C=C(C)C(=O)O1)C#C,1
CCOC(CC(CO)C(F)(F)F)C1COCO1,1
CC(C)(C)CCC(O)C(O)C(C)(O)C(F)(F)F,1
CC12OCC(C1COC2C(F)(F)F)S(O)(=O)=O,1
CC(O)C(C)C(O)C1=C(O)C(F)=CC(O)=C1O,1
CC12CCC(C1)CC1=C(C2)OC(F)=CC1=O,1
CCC(CC1=CC=C(F)C(CO)=C1OC)C#C,1
CC12CCC(CCC(F)(F)F)(O1)OC1CC21,1
CCC(CO)(OC=O)C1=C(F)SC(=O)C(=O)O1,1
CC(C)OC1=C(O)OC(F)=C(OC(C)C)C1=O,1
CCC1COC(C(C)C#C)(C(F)(F)F)C1(C)C,1
CC12CCC(C=O)C(O)(C1)C(CC2)C(F)(F)F,1
CCOC1CCOCCCC1(CC)C(F)(F)F,1
CCOC(C(O)=O)C1=C(F)C=CC=C1CCO,1
CC(O)CCC1=C(F)C=CC2=C1OC(C)CC2,1
CC(C(O)CC(F)(F)F)C(CC1CC1)C#C,1
CC(C)C1CC(CO)C(O)C(C)(C1)C(F)(F)F,1
CC12OCC(O)(CCC1O)C2C(=O)C(F)(F)F,1
CC1CC(C)(OC1(C)OCC(F)(F)F)C(O)=O,1
CCOC(C)C(C(C)C#C)C(C)(O)C(F)(F)F,1
CCCC1=C(OC(O)=C1C(=O)CC)C(F)(F)F,1
CCC1C(CCCC1C1(C)CC1)C(F)(F)F,1
CC(O)CC1=C(SC2=C1C(F)=CC=C2O)C#C,1
CCCCC(CC)(C(C)C(F)(F)F)C(=O)OC,1
CC1C2COC1(C=O)C1=C(F)C(C)=C(O)C=C21,1
CC1OC2C=CCC(C2C(F)(F)F)C(C)=C1,1
CC(C1C2COCC(C)(C)CC12)C(F)(F)F,1
CCC#CC1=C(CC)SC(O)=C(F)C1=O,1
CC1=CCC2(CC(O)C1(C2)C(F)(F)F)C=O,1
CCC1C2CC1C(C)CC(O)(C2)C(F)(F)F,1
CC(C1CCC(=O)OC1)C1=CC=C(F)C(=O)S1,1
CC1CCC(O)C1CC1=CC=C(S1)C(F)(F)F,1
CC(OC12CC1(COC2C)C#C)C(F)(F)F,1
CC1COC2(CC3=C(C2)C(F)=CC=C3F)OC1,1
CC(C1=CC(=O)C=C(F)S1)C(C)(CC=O)C#C,1
CC(C#C)C1=CC(F)=CC2=C1C=CC(O)=C2F,1
CCC1CC2COC(C)OC(C2C1)C(F)(F)F,1
CC1=CC2(C)OC1C(O)(CC(F)(F)F)CO2,1
CC1COC2CCC(CCC(F)(F)F)(C2)C1O,1
CCC1=CC(O)=C(O1)C1=C(F)C(=O)C(C)=CO1,1
CC1CC(C(C)C1CC(C)=O)C(=O)C(F)(F)F,1
CC1=CC(F)=C2C(C=C3CC(O)CC=C23)=C1,1
CCCC(COCC1=COC(=O)C=C1F)C=O,1
CC1=C2C(CC3(C)CCC(=C23)C(C)=C1F)C=O,1
CC1COCC(C)(CO1)C(C)(C)CC(F)(F)F,1
CC1COC2(CC3CS(=O)(=O)C3C12)C(F)(F)F,1
CC(O)(CC(C=O)C(F)(F)F)C(=O)C1CC1,1
CCC1=CC(=O)OC(CCC(OC)C#C)=C1F,1
CC(CC(C)=O)C(C1OCC1C)C(F)(F)F,1
CC(COCCC1=CC=C(S1)C(F)(F)F)C=O,1
CC1OC(C)C(=O)OCC2=C1C(=O)C(F)=CS2,1
CC1C(CC(O)CCOC1C(F)(F)F)C(O)=O,1
CC(C)C1C(OC(CO)CC1C(F)(F)F)C#C,1
CC1C(CC(OC1=O)C#C)OC(=O)C(F)(F)F,1
CC(O)C1=C(F)C(C(C)=O)=C(CC#C)OC1=O,1
CCC1OC2C1C(CC(F)(F)F)=C(C)S2(=O)=O,1
CC12CC=C(C1C(=O)OC1CC21)C(F)(F)F,1
CCOC(=O)COC1C(OCC1=O)C(F)(F)F,1
CC1CC(CO)(CCO)OC(=O)C1C(F)(F)F,1
CC(C(F)(F)F)C12CC1C(O)C=CCC2=O,1
CC1(C)C2CC1C(=C(CO)C2=O)C(F)(F)F,1
CC12OCC(O1)C1=CC=C(F)C(OCC#C)=C21,1
CC1(CO)CC2COCCC2(O)C1C(F)(F)F,1
CC(C)(CO)C1=C(O)C(F)=C(F)C(O)=C1C=O,1
CC1OC2C=C(C)C1C1=C2OC(F)=CC1=O,1
CCC1(COC(C=O)(C(=O)O1)C(F)(F)F)OC,1
CC12C(CC1C(C)(C)CC2C=O)C(F)(F)F,1
CCC(C1CCC1CO)C(=O)C(F)(F)F,1
CC(C=O)(C(=O)C#C)C1=CC=C(F)C(F)=C1F,1
CC1=C(CCCC(F)(F)F)OC(=O)C(O)=C1F,1
CC12CC3OCOC(C13)C(C2O)C(F)(F)F,1
CCOC1C(O)C(C)(C1OC=O)C(F)(F)F,1
CC1C2CC(=O)CC(C#CC1O2)C(F)(F)F,1
CCC(O)(COCC1=CC(=O)OC=C1F)C#C,1
CC12C(C(F)(F)F)S(=O)(=O)C3C(OC1=O)C23O,1
CC1(CC2=C(C1)C(C=O)=CC=C2Br)C(F)(F)F,1
CC1(C)OC2=C(C(=O)C1=O)C(O)=C(F)C(F)=C2,1
CC1=C(CCC#C)OC(F)=C(C(=O)C=O)C1=O,1
CC1=CC=C2C(O)COC(CC2=C1F)C(O)=O,1
CC1=C2C3CCCC(C(=O)O3)C2=C(O)C(F)=C1,1
CCCC1(CC11CCC=C1C(F)(F)F)C#C,1
CC(CC1=C(O)SC(=C1)C(F)(F)F)C(O)C=O,1
CC1OCC2=C(F)C(O)=C(C=O)C(O)=C2C1O,1
CC1(C)OC2=C(F)C(O)=CC=C2C(C)(O1)C=O,1
CCCC1OC(C)(CC1(C)C(C)O)C(F)(F)F,1
CC(C)C1=C(F)C(=CC=C1CC#C)C(=O)C=O,1
CCC(O)CC(=O)CC1=C(F)C(=O)C(C)=CO1,1
CCC1=C(F)C(F)=C2C(=O)OC(CC#C)=C2S1,1
CC1OCC(O1)C1=C(F)OC=C2C=CC(O)=C12,1
CCC(O)(CO)COC1=CC(C)=CC(O)=C1F,1
CCC1=C(F)C(=O)C2=C(O1)OC(C)OCC2O,1
CC(C(F)(F)F)S(=O)(=O)C#CC1=CC(O)=CO1,1
CC1C(O)C2(COCCC2C)C1C(F)(F)F,1
CCOC(C(F)(F)F)C12CC1C=CC(C)O2,1
CC1(CO1)C1C=CC2CC(C1O2)C(F)(F)F,1
CC1CC1(O)C1(OC(C)CC1O)C(F)(F)F,1
CC1(O)C(OCC(=O)C1(CO)C(F)(F)F)C=O,1
CC1OC2CC(O)(C(F)(F)F)C(O)(CO)C1O2,1
CC(C)C1(CC1C(F)(F)F)OCC#CC#C,1
CC1C2CCCC1(C)C1(CCOC21)C(F)(F)F,1
CC(=O)C(O)(COC1=COC(=O)C(F)=C1)C#C,1
CC1C2CC1S(=O)(=O)C2(CC(F)(F)F)C(C)=O,1
CC1CCC2C1C2(O)C(C)(CO)C(F)(F)F,1
CCOC1(CO)CC(CC(F)(F)F)OC1C#C,1
CC(CCO)C(O)CC1=C(F)C=C(O)C(=O)O1,1
CCOC1=CC(C(CC)OC)=C(F)C(F)=C1O,1
CC1COC(C)(C=CC2OC2C1)C(F)(F)F,1
CC(C(O)C1(O)CC(O)C(C)C1C)C(F)(F)F,1
CCC1=C(CCC2CC2(C1)C#C)C(F)(F)F,1
CCC1CCC(=O)C2=CC(F)=C(O)C(O)=C2O1,1
CC(=O)C(C)(C)C1=C(F)C=CC=C1C(O)CO,1
CCC1CCCC(OC)(C(C1)C#C)C(F)(F)F,1
CC12CC(CCC(F)(F)F)C(O)(C1)C(O)CO2,1
CC1(COC(CS(O)(=O)=O)C1)C(=O)C(F)(F)F,1
CC(OC1(CO)COC(C1O)C(F)(F)F)C=O,1
CC1OC(C)(C2=C(F)SC(=O)C(=O)O2)S1(=O)=O,1
CC1=C(C2=C(S1)SC(=C2)C(F)(F)F)C(C)(C)C,1
CC1C(C11OCC=C1)S(=O)(=O)CC(F)(F)F,1
CC(O)C1(C)CC(C)OC(C)(C1O)C(F)(F)F,1
CC1CC2(COC(=O)C2(C)O1)OCC(F)(F)F,1
CC1(OC2CC(C#C)C1(C)C=C2)C(F)(F)F,1
CC1C2COCC1(C)C1=CC=C(CO)C(F)=C21,1
CCCCC(C(F)(F)F)C1(C)OC1C=O,1
CC1C(C)C2=C(F)C(=O)SC=C2C1C(=O)C#C,1
CC1C(CC(F)(F)F)CCC1CS(=O)(=O)CO,1
CC(CCC1=C(C=CS1)C(F)(F)F)CC(O)=O,1
CCC1=C(O)C=C(CCOC)C(F)=C1OC=O,1
CC(O)C1CC2=C(F)C(C=O)=C(F)C=C2C1=O,1
CC1C(C)=CC(CO)CC1(O)CC(F)(F)F,1
CCC1(CC(OC)OC(=O)C1(C)C)C(F)(F)F,1
CC(C)C1C(CO)CC2=C1C=C(O)C(F)=C2F,1
CCC1=C(F)C(OC)=C(F)C=C1C(C)CC#C,1
CC(OC1C(C)C1(C)C=O)S(=O)(=O)C(F)(F)F,1
CC(C=O)C1=C(O)C(F)=C(F)C(F)=C1C(C)=O,1
CC(=O)CC1=C(F)C(C)=CC=C1OC(=O)C#C,1
CC(C#C)C1=CC(F)=C2C(=O)C=COC2=C1C,1
CCC(C)(C=O)C1=C(O)C(C)=C(F)C(F)=C1F,1
CC1CC2(CC(F)(F)F)OCC(C#C)C12,1
CCC1=CC2=C(C=C1F)C(C)COC(=O)CC2,1
CC(O)(C1CCC1)C(=O)C#CC(F)(F)F,1
CC1CC2(CC(CO)CC(C)=C12)C(F)(F)F,1
CC12CC(C(=CC1O)C(F)(F)F)C2(O)C#C,1
CC(C)C(C)(O)C1CC(=O)CC1C(F)(F)F,1
CC1C(C)C(O)(C(=O)COC1(C)C)C(F)(F)F,1
CC1OC2CC(C(=O)CCC=C12)C(F)(F)F,1
CCC12CC(C#CC(F)(F)F)C1C(O)CO2,1
CCC1=C(C=O)C=C(F)C(=C1)C(O)COC=O,1
CC(O)(CO)C1=CC(=CC(F)=C1F)C(=O)C#C,1
CC1OC(CCO)C2(CC2)OC1C(F)(F)F,1
CC12CC(O1)(C#C)C(CC2(C)O)C(F)(F)F,1
CC1OCCC2C(C)CCCOC12C(F)(F)F,1
CCC(O)(CC)C12CC1(C=CC2)C(F)(F)F,1
CCC#CCC1=CS(=O)(=O)C(F)=C(CCO)S1,1
CC(C)C1(CC(=O)CC(=O)C1(C)O)C(F)(F)F,1
CCC(=O)C(C)CC1=COC=C1CC(F)(F)F,1
CC(CC1=C(F)C=CC=C1CCO)OCC=O,1
CC(CCO)OC1=CC2=CC(=O)SC(F)=C2O1,1
CC1(C)C(CC#C)CC2=C1SC(=O)C(O)=C2F,1
CC(=O)C1=CC23CC2(C1)C=CC3C(F)(F)F,1
CCC1=C(F)C(C)=C(O)C(C(O)C(C)O)=C1C,1
CC(=O)CCC(C)(C=O)C1=CC=C(F)C(F)=C1,1
CC(C)C(CCO)(C=O)C1=CC(F)=CC=C1C,1
CC(C)CCC(C)(O)C1=C(F)C(=O)C(C)=CO1,1
CC1=C(F)C2=CC(O)=C(O)C2=C(S1)C(O)C#C,1
CC1=C(C)C(CC(C)(C)C#C)=C(C)C(C)=C1F,1
CC1=C(CC=CC2(C)CC2C=C1)C(F)(F)F,1
CC1=C(CC#C)C(CC=O)=C(O)C(C=O)=C1F,1
CCC(CO)(CC1=C(F)C(C)=CC(=O)O1)C#C,1
CCCCC1C(O)C(O)CC2=CC=CC(F)=C12,1
CCC1CC(CC=O)C(O1)C(C)(O)C(F)(F)F,1
CCC12CC(C(CC1)C(F)(F)F)C1=CSC=C21,1
CCC1=CC=CC(=C1F)C1(C)CCC(=O)CC1,1
CCOCC1OCC2=C(F)C=CC(C)=C2C1=O,1
CCCC(CC(F)(F)F)OC1OCCOC1C,1
CCC1OCC2(COC3=CC=CC(F)=C23)C1=O,1
CC(O)CC1(CCO)C(COC1=O)C(F)(F)F,1
CC1OC2=C(F)C=C(O)C(O)=C2C(C)C1C#C,1
CC1COC2OC(COC2(C1)C(F)(F)F)C=O,1
CCC(O)(C1CC2(CC2)C(=O)O1)C(F)(F)F,1
CC1COC2(C=CC3C1C23)C(F)(F)F,1
CC12OC1(CO)CCC2(C)S(=O)(=O)C(F)(F)F,1
CCC1C2OCOC2C2=C1C(=O)OC(F)=C2O,1
CC(O)C12CCCC1(O)C(C=C2)C(F)(F)F,1
CC(C)C1C=CC2(C)C(C)C2C1C(F)(F)F,1
CC1OC(C2C1C(CCO)CC2=O)C(F)(F)F,1
CC1(C)CC1C1(CO)CCOC1C(F)(F)F,1
CC(CCC(C)(O)C1=CC=CC(F)=C1O)C#C,1
CC(CO)C(O)C1=C(C)C(OC=O)=CC=C1F,1
CCC1=C(F)C2=C(C=C1)C(CO2)(OC=O)C=O,1
CC1=C(CC(C)(CO)CC(F)(F)F)OC(O)=C1,1
CC(C(O)C(O)C#C)C1=C(F)C(=O)C=C(C)O1,1
CCCCC1=C(F)C(C)=C(O)C(COC)=C1C,1
CC1=CC(O)=C(F)C2=C1C1=C(C=C2)C(O)CC1,1
CC1=CC2(C3C1C3(C)CC2CO)C(F)(F)F,1
CC(C(O)S(=O)(=O)C(F)(F)F)C1OCC=C1,1
CC1CC(=C2CC(=O)CCOC12)C(F)(F)F,1
CC(C)C(CCOC=O)C(C(C)=O)C(F)(F)F,1
CC1=C(F)C(C#C)=C(C)C(=C1)C(=O)CCC=O,1
CCC(=O)CC(C)C1=CC=C(C#C)C(F)=C1C,1
CC(CO)C(=O)C(O)C(C(F)(F)F)S(O)(=O)=O,1
CC1(CC2OCC1(OCC(F)(F)F)C2=O)C#C,1
CC1C=CC2(CC=C(C)C12O)C(F)(F)F,1
CCC(C)(C)C1=CC2=C(SC(C)=C2)C(O)=C1F,1
CC1(O)C2C(=O)CCCC(C(F)(F)F)C12O,1
CCC1(C)C2OCC(C(F)(F)F)C1(O)C=C2,1
CC1(CC2CC3(CO3)C(=O)C1O2)C(F)(F)F,1
CC(C#C)C1(C(O)CC2=COC=C12)C(F)(F)F,1
CCC(OC)C(C)C(=O)C1=COC=C(F)C1=O,1
CC1=C(C2CC(C2)(C1)C(F)(F)F)S(=O)(=O)C#C,1
CCCC1=C(CO)C=C(F)C=C1C1COCO1,1
CC(O)(C1=COC(CCCC#C)=C1)C(F)(F)F,1
CC1C(O)C2C3=CC=C(F)C=C3CC2(O)C1O,1
CC1=CC2C(OC1S2(=O)=O)C(C#C)C(F)(F)F,1
CC1(C)COC(=O)C(CC(F)(F)F)C1CC=O,1
CC1=C(C=O)C=C(C=O)C2=C1C(F)=CC(=O)O2,1
CCCCC1=CC(C)=C(C(Cl)=C1O)C(F)(F)F,1
CC(O)C1=C(F)C(F)=C(C=C1CO)C(C)(C)O,1
CC(C1C2CC(=O)C1(C)C(C)=C2)C(F)(F)F,1
CC1C2COC1OCC1=C(O2)C(=O)C=C(F)S1,1
CC1C2COCC3=C2C(C1C#C)=C(F)C=C3C,1
CC1(C(CC(=O)C11CO1)C=O)C(F)(F)F,1
CCC(C)(CC=O)C1=CC=C(C=O)C(C)=C1F,1
CC1C2OC(C2O)S(=O)(=O)C(O)C1C(F)(F)F,1
CC(C(O)C#C)C(CCCO)(C=O)C(F)(F)F,1
CC(C)(O)CC(C=O)C(CO)C(F)(F)F,1
CCC1CCC(OC)(OC1)C1=CC=CC=C1F,1
CC1=CC(C)(C)C2C3C1C=CC23C(F)(F)F,1
CC1(C)C2OC3C(O)C(OC3C12)C(F)(F)F,1
CC(O)CC(=O)OC1=C(F)C(CO)=CC(=O)S1,1
CC1(OCC2(CCC(O)C1C2)C#C)C(F)(F)F,1
CCOC1(C)CCC(CCC#C)(C1)C(F)(F)F,1
CCCCC1OCC2(CCC2)C1C(F)(F)F,1
CC(C)(O)CC1=C(CCO)C(=O)C(O)=C(F)O1,1
CC1=COC(CC2=C(F)SC(CO)=CC2=O)=C1,1
CC1(C)OC2CC(C3=C2C=C(F)C(O)=C3)C1=O,1
CC(O)(CS(O)(=O)=O)C1CC=CC1C(F)(F)F,1
CC(OCCC1OCC(C)O1)C(=O)C(F)(F)F,1
CC(C1=C(O)C=CC(F)=C1C=O)S(C)(=O)=O,1
CC1C2CC1C(C(CC2C)C#C)C(F)(F)F,1
CC1=CC2(OC1OC(CO)S2(=O)=O)C(F)(F)F,1
CCC(C(O)CC#C)C1=C(F)C=C(F)C=C1F,1
CC(C(CO)CO)C1=C(F)C=C(OC1=O)C#C,1
CC1=C2C(OC3COC(=O)C23C#C)=CC=C1F,1
CCC1=C(CC(C)(O)CO)C(=O)OC(C)=C1F,1
CC1OCCOC(C#C)(C#C)C1CC(F)(F)F,1
CC1C=C2CC(C3=CCC1(O)C23)C(F)(F)F,1
CCC1=C2C(C=C(F)C=C2C)=C(CCCO)O1,1
CCC1(C)C(C)C(O)CC1C1=CC=CC=C1F,1
CCC1C=CC(C1CCC(C)O)C(F)(F)F,1
CC1CC2=C3CCCC3=C(F)C3=C2C1C(O)C3,1
CC(C)(C(O)C1(C)OCCC1(C)O)C(F)(F)F,1
CC(C)(C)C1OC2COC(C(F)(F)F)C1(C)O2,1
CC(C)C1=C(CC(C)C(O)=O)C(F)=CC(=O)O1,1
CC(C1OC(C)OC1=O)C1(CC1)C(F)(F)F,1
CCOCC(O)C1=C(F)OC(=CC1=O)C(C)O,1
CC1C23OC(C)S(=O)(=O)C12C(C=C3)C(F)(F)F,1
CC1C2CCCC1(C)C(=O)C2C(=O)C(F)(F)F,1
CCC1=C(F)C=C(C(C)O)C(CC(O)=O)=C1C,1
CC(C(F)(F)F)C12COC(C1)C1=COC(O)=C21,1
CC1C(O)C2(CC=O)CC2C1(C)C(F)(F)F,1
CC12OCC3C1C(OC3(C)C(F)(F)F)C2=O,1
CC1COC2=C(C(F)=CC(=O)O2)C(=O)C1C#C,1
CC1OCCC(C1C)C1=CC=C(CO)C(F)=C1,1
CC1OCC2(CCOC2CC1CO)C(F)(F)F,1
CC12CC(CC(F)(F)F)(OCC1(C)O)S2(=O)=O,1
CCOCC(C)(C1=CC=CC(F)=C1)C(F)(F)F,1
CC(C)(C#C)C1=C(F)C=CC(O)=C1C(=O)CO,1
CCC(=O)OCC1=C(OC)OC(C)=C(F)C1=O,1
CC(=O)C1(C)CC=C(CO1)C(O)C(F)(F)F,1
CC(O)C(C)C1=C(OC=C1)C1=CC=C(F)C=C1,1
CC1=C(C2=CSC(=O)O2)C2=C(F)C=COC2=C1,1
CC(C#C)C1=CC2=C(O)C=C(C=O)C2=C(F)O1,1
CC(CC(=O)C1=C(O)C=C(F)C(=O)O1)C(C)=O,1
CC(O)C1=C(F)SC2=C(CCC2CO)C1=O,1
CC1(OCC2(CCOC2)C1C(F)(F)F)C=O,1
CCCCC1OC(C)(CC1C(F)(F)F)C=O,1
CCC(C)(C(=O)C1OC(C)C(=O)O1)C(F)(F)F,1
CC1C2COCC1C(C)CCC(C2)C(F)(F)F,1
CCOC1(C)C(C)OC(OCC(F)(F)F)C1=O,1
CCC(O)COC1=C(O)C(F)=C(CO)C(=O)O1,1
CC(C(=O)C1COC(CO)C1C=O)C(F)(F)F,1
CCC1=C(C)C=C(C(OC)C=O)C(F)=C1OC,1
CC(C)(C=O)C1=C(O)C(C#C)=C(O)C(F)=C1O,1
CC(C)(O)C(CO)C1CC(O)(CO1)C(F)(F)F,1
CC1CC2=C(CC1=O)SC(=O)C(CC=O)=C2F,1
CC1(CC1C1OC2CC1(O)CO2)C(F)(F)F,1
CCC1=C(O)C=C2C1=CC=C1C=C(F)SC=C21,1
CC(C)C1CC(CC=O)OCC1(C)C(F)(F)F,1
CCC#CC(C(C=O)C#CCO)C(F)(F)F,1
CCC1=C(F)C(F)=CC2=C1CC(=O)CCC2O,1
CCC(CC)(OCCC(CO)CO)C(F)(F)F,1
CC1CC2=C(F)C(C#C)=C(F)C(CCO)=C2O1,1
CCC1=CC(F)=C(C)C(CCC(C)(O)C=O)=C1,1
CC1(CCCCC(O)C1)C(O)C(=O)C(F)(F)F,1
CCC#CC(O)C1COC1S(=O)(=O)C(F)(F)F,1
CC1COC(=O)C2=C1C(C)=C(C)C(F)=C2C=O,1
CC(C)C1OCCC(C)(CC(F)(F)F)C1C#C,1
CCC(CC)(CC1=CC(F)=CC(F)=C1)C(C)O,1
CC1(CC2(CC1OC(C2)C#C)C#C)C(F)(F)F,1
CC(C)C1C2OCC(C)(CCC(F)(F)F)C12,1
CC1OCC(C)(C1C(F)(F)F)C1(CO)CO1,1
CCC(C)(COCC#CCC(F)(F)F)OC,1
CCC12CC(C)(CC(O1)C(F)(F)F)OC2(C)C,1
CCC(O)C1=COC(=O)C(CO)=C1C(F)(F)F,1
CC1(C)C2CC1C1=C2SC(F)=C(O)S1(=O)=O,1
CC(C)C1=C(C(O)CC(C)=O)C(=O)OC(F)=C1,1
CC(C1CC(O)C(CC=O)O1)C(=O)C(F)(F)F,1
CC(CO)C1=CC(C)=C2OC(F)=C(O)C(F)=C12,1
CC12OCC(O1)C1=C(O)C(F)=C3COCC3=C21,1
CC(C=O)C(=O)C1=C(C)C2=COC(F)=CC2=C1,1
CC(O)(CC(C)(C(F)(F)F)C1(C)CO1)C#C,1
CCCC(CC)(CCO)C(O)C(=O)C(F)(F)F,1
CC1OC(OCC(F)(F)F)C2OCOC12,1
CCCC(C)(CO)C1=CC(F)=CC(=C1)C(C)C,1
CC(O)COC1=C(C)C(CCCO)=C(F)C=C1,1
CC1(CCC#C)CC(CC=O)(CO1)C(F)(F)F,1
CCC1CC1C1(CC(C)O1)C(F)(F)F,1
CCC(C(C#C)C#C)C1=C(F)C=CC(F)=C1F,1
CC1=C(F)C(C)=C(CCC(C)(C)O)C(=C1)C#C,1
CC1=C(I)C=CC(I)=C1CCC(=O)C(F)(F)F,1
CC(C)(O)C12CC1C(CC2C(F)(F)F)C#C,1
CC(O)C(C(C)CO)C1=C(F)SC(O)=CC1=O,1
CC(=O)CC1=C2OC3CCOC3C2=CC=C1F,1
CCCCCC1=CC2=C(OC(F)=CS2(=O)=O)S1,1
CCC(C)OC(C)C1=C(OC)C(F)=CC(=O)O1,1
CCC1(CC)C(=O)CCC2=C(F)C=C(O)C=C12,1
CC(=O)C1CC(CC=O)C(C)(CC(F)(F)F)O1,1
CCOC1=CC(C#C)=C(F)C2=C1OC(=O)CO2,1
CC1(CO)COC2=C1C=C(CC=O)C(F)=C2O,1
CC1C2CC3CCC(C3)C=C2C1C(F)(F)F,1
CC1OC(=O)CC(CO)CC1(C)CC(F)(F)F,1
CC1=C(F)C(=CC=C1O)S(=O)(=O)S(=O)(=O)CO,1
CCC1=CC=C(O)C(I)=C1OCC(F)(F)F,1
CC12CC=CC1OC1CC2C1C(F)(F)F,1
CC1=C(C(O)=O)C(F)=C(F)C2=C1C=CC(F)=C2,1
CCC(C)C12OCC3=CC(F)=C(C)C(CO1)=C23,1
CC(O)CCC1CC(C#C)C2=C1C(F)=CC=C2,1
CC(O)C1CC2=C(SC=C2C1C#C)C(F)(F)F,1
CCOC1CC2CC(CC)C1C2C(F)(F)F,1
CCOC(C(C)C(F)(F)F)C(C)(C)C#CC,1
CCC1C(O)C(C)C(C(C)CC(F)(F)F)C1O,1
CC1=C(CCOC(=O)CC1(C)C)C(F)(F)F,1
CC1=C(F)C=C(CC(C)(O)CO)C(CO)=C1F,1
CCC1(O)C2OC(C=CC2=O)C1C(F)(F)F,1
CC1COC(CCO)C2=C(F)C(F)=C(F)C=C12,1
CCC1(CC(F)(F)F)OC(C)C2COCOC12,1
CC(C)C1=C(F)OC2=C(SC(C)=C2C=O)C1=O,1
CC1OCOCC2(C)CC1CC2C(F)(F)F,1
CCCC1(CC11CCOC1=O)C(F)(F)F,1
CC(=O)COC1(C)CC(OC1C#C)C(F)(F)F,1
CC1=C(OC=C1C=O)C1=C(F)C=C(F)SC1=O,1
CCC1(OC(CO)C(O)C1C)C(C)C(F)(F)F,1
CC(CO)COC(C(CO)CCO)C(F)(F)F,1
CC1CC(=O)C(C(=O)OCC1C#C)C(F)(F)F,1
CC1CCC(C)(C)C2(CCC1(O)C2)C(F)(F)F,1
CC12CCC(C(O)C1=O)C(CCC2)C(F)(F)F,1
CC1=C(O)C(F)=C(C2CCC(=O)C2)C(C)=C1F,1
CCOC(=O)C1(C)OCOCC1CC(F)(F)F,1
CC1OC2(CC(F)(F)F)C1OC1=COC=C21,1
CC(O)C1CC2OC1C1OC21CC(F)(F)F,1
CC(CCCO)(C1COCCC1O)C(F)(F)F,1
CCCC1C(CC)C(C)C(CC(F)(F)F)C1=O,1
CCC1=CC=C(F)C2=C1CC1(OC21)S(C)(=O)=O,1
CC1OCC2(C)CC1OC(C2C=O)C(F)(F)F,1
CCC1(OC(C)C1(C=O)C(F)(F)F)C(C)=O,1
CCOC1=C(F)C(C)=C(C)C2=C1C(C)=C(O)S2,1
CCC1CCCCC(=O)CCC1(O)C(F)(F)F,1
CC(O)C(CO)OC1CC(=O)CC1C(F)(F)F,1
CC(C)OC1COC(C)C2=C1C(=O)SC=C2F,1
CCC1=C(C)C(=O)C2=C(OC(O)=C(F)O2)C1=O,1
CC1C2CCC1(CC(F)(F)F)C1OC2S1(=O)=O,1
CCC(CO)COC1=C(F)C(=O)C(OC)=CO1,1
CC(C)OCC(CO)CCCC(O)C(F)(F)F,1
CCC12CCC(C)(CC1C(F)(F)F)C=CC2,1
CCC(C(C)C1=CSC=C1)C(F)(F)F,1
CC1=C2SC(C)=C(F)C(C#C)=C2C(=O)O1,1
CCC1=CC(F)=CC2=C1C(O)C(CO2)C(C)C,1
CCC1=CC(CC1C(F)(F)F)S(=O)(=O)C(C)C,1
CC1=C(O)C(C(CC(=O)CO)C=O)=C(F)C=C1,1
CC1(OCCC(F)(F)F)C(O)C2CCC=C12,1
CC#CC1C(C)S(=O)(=O)C(C(F)(F)F)C1(C)O,1
CC(O)(C=O)C1=C(F)C(=O)C(OCCO)=CO1,1
CCC12CC1(OCCC(C)C2O)C(F)(F)F,1
CCC(O)C1=CSC=C2C(=O)C=C(F)C(C)=C12,1
CC1=C(CO)SC(F)=C(C(=O)C=O)C1=O,1
CCC12CC(CC1(CO)C(F)(F)F)CCC2=O,1
CC#CCC(C#CC(=O)C(F)(F)F)C(C)C,1
CC(CC(C)(O)COC1=CC=CC(F)=C1)C#C,1
CCC12CC=CC1(CC2(C)CO)C(F)(F)F,1
CC(CCC1=CC(C)=C(O1)C(F)(F)F)C=O,1
CCC1CC1(O)CC(C)OCCC(F)(F)F,1
CC1(CO)CC(CC(=O)C(F)(F)F)OC1CO,1
CC(=O)CC1(OC(C1O)C(F)(F)F)S(C)(=O)=O,1
CC12CC(CO)C1C1=C(C2)OC(F)=CC1=O,1
CC1C(OC2=C(F)C(O)=C(C)C=C2C1O)C=O,1
CC(C)C(O)C(O)(C=O)C1=CC(F)=CC=C1O,1
CC(C#C)C(C)(C#C)C1=CC(=O)C=C(F)S1,1
CC1CC2=C(C=C(C#C)C(F)=C2CC1=O)C#C,1
CC(O)C1C2COC(OC2)C1(C)CC(F)(F)F,1
CC1CC2CC(C(C)C1C2O)C(F)(F)F,1
CC1CC(CS(=O)(=O)C#CC(O)C(F)(F)F)O1,1
CCCC1OCCOC(C)C1(CO)C(F)(F)F,1
CC(=O)C1C(CC(F)(F)F)COC1COC=O,1
CC1CC2=C(O1)SC(=C2O)C1=CC=CC=C1F,1
CC1CC2CC(C(F)(F)F)C1(CC#C)COC2,1
CC(C=O)C(C)(OC1=CC=C(C)C=C1F)C=O,1
CCCC1OC(C(CC)CC(F)(F)F)C(=O)O1,1
CC(=O)C(O)(C(F)(F)F)C1(C)CCC(=O)C1O,1
CC12CC1(CCC(O)(C=C2)C(F)(F)F)C#C,1
CCCC1(CC(C)C(OC)C1(C)C)C(F)(F)F,1
CC(=O)C1=C(C)C=C(CCO)C(CCO)=C1F,1
CCC1=C2OC(F)=CC(O)=C2C(C)=C1OC=O,1
CCC1CC(OC)OC(C)C1(CC)C(F)(F)F,1
CC1OCOC1C1=C(C)C=C(CO)C(F)=C1C,1
CC1C(C)(C)C2CCOC2CC1(O)C(F)(F)F,1
CC(O)C(C=O)C1=CC(C#C)=C(F)C(C)=C1O,1
CC(O)C(OC1=CC=C(C)C(F)=C1C#C)C=O,1
CCC1=CC2=C(S1)C(=CC(O)=C2F)C(C)C=O,1
CCC1=C(OCC=O)C(C#C)=C(F)C(C=O)=C1,1
CC1=CC(O)=CC(F)=C1OC1=CSC=C1C=O,1
CCOCC1=C(C)C(O)=CC(F)=C1CC(C)C,1
CC(CCC(F)(F)F)CC1OCC(O)CO1,1
CC1CC23CC2CC(C(F)(F)F)C3(O)C=C1,1
CCC(C)(CC(C)C#C)C1=C(F)C=CC(=O)O1,1
CC(CC1C2CC1(C)C(O)C2O)C(F)(F)F,1
CC1=CC=CC(F)=C1C(CC#C)C(O)CC=O,1
CC1OC(C(C)CC(C)(O)C(=O)O1)C(F)(F)F,1
CC(O)C12COC(CC1=O)C(C2O)C(F)(F)F,1
CC1CCC(OC1CCC#C)(C#C)C(F)(F)F,1
CCC(O)(COC1COCCCO1)C(F)(F)F,1
CCC1CCC(CO)C1(OC)C(F)(F)F,1
CC12CC1(O)C(CC(O)(C2)C(F)(F)F)C#C,1
CC1=C(CCC(F)(F)F)SC(=O)C(=O)C=C1O,1
CC(C)C1(CC1)OCC(=O)C#CC(F)(F)F,1
CC1=C(F)C(CC2(O)COC2=O)=CC(=O)S1,1
CC1=C(F)C(CCO)=C(C=O)C(CCO)=C1O,1
CC1CC2C3CCC(=CC=C1C23)C(F)(F)F,1
CC12CC(CC(F)(F)F)(COC1)OC2(C)C=O,1
CC1=C2CCCOC2=C(O1)C(C)(C)C(F)(F)F,1
CCC1C(O)C2=CC(C)=C(F)C=C2CCC1=O,1
CCC1(CCOC)OC(C(=O)O1)C(F)(F)F,1
CCOC(CO)COC1=C(C)C=CC(F)=C1O,1
CCC1CC(O)COC(=O)C(=C1)C(F)(F)F,1
CC#CC1(C)CCC2OC12CC(F)(F)F,1
CCOC1CC2=C(SC(F)=CC2=O)C1(O)CO,1
CC1=CC(O)C2C=CC1(C)OC2C(F)(F)F,1
CC(C(=O)OCS(=O)(=O)C1(C)CC1)C(F)(F)F,1
CC1C2CC(C1CC(O)(C#C)C2C)C(F)(F)F,1
CC12CC(O)(C(CCC1)C(CO)O2)C(F)(F)F,1
CCOC1=CC(OC)=C(C=C1F)C(C)(O)CC,1
CCC1(OC)OC(CC(F)(F)F)CC1OC=O,1
CC(=O)CC12CN(CC1C(F)(F)F)CC(=O)N2,0
CC(O)(C(OC=O)C=O)C1=CN=C(F)NC1=O,0
CC1=C(N)C2=C(N)C(=O)C=C(F)C2=C(N)N1,0
CC1=NSC(=N)C=C1NC1=CSC(=N)C(F)=C1,0
CN1C2CNC(C2N)C2=C1C(=O)SN=C2F,0
CC1=C2N=CNC2=C2N(C(F)=COC2=N)C1=N,0
CC(C)OCC(C)N=C1SC(F)=C(O)NC1=N,0
CC1=C(CN(CC(N)=N)C=O)OC(F)=NC1=N,0
CCNC(CN)=NC1=NC=C(F)C(CO)=C1C,0
CC1CCCN(CC(O)C(N)C(F)(F)F)C=N1,0
CC(C)C1OC2=CC=C(F)N=C2C(C)C(=N)O1,0
CC1CCC2CC(CCC2CCC(F)(F)F)N1,0
CCC(C)C1=C(F)C2=NC(=N)N=CN2N=C1C,0
CC12CCC(C1)C1=C(NC2)C(F)=C(F)C(=O)N1,0
CC1=C(F)C(NC(C)(C)C(N)C#C)=NC(F)=N1,0
CC(=N)NCC(O)(CN)CC1=CN=C(F)N=C1,0
CCC1N=CN(C2=CC=C(C)C(F)=N2)S1(=O)=O,0
CC1NC2COC1(C(N)CC2C#C)C(F)(F)F,0
CC(C1C2(CO2)CCC1(N)CN)C(F)(F)F,0
CCC(C)C1=C2C=C(N)C(CO)=C2ON=C1F,0
CCOC(=N)C1=C(F)C(=NCC#C)N=C(C)S1,0
CCC(=O)C1C(C)OCC2=C(N)C(F)=CC=C12,0
CC1=C(O)N=C(F)N2C1=NC=NC=CC=C2O,0
CCN(C1=CC=CO1)C1=NC(F)=C(C)C=C1F,0
CCC(N=C1NN=CO1)C1=C(F)C=CC(=N)O1,0
CCCOC(C)C1=CC(OC)=C(F)C=C1NC,0
CCC(C)(O)C(C)C1=CC(N)=C(O)C(F)=C1O,0
CC1=NC(=O)C(F)=C(O1)C1=CNC(C#N)=C1N,0
CC(C(C)=NO)C1=C2ON=CC(F)=C2N=C1,0
CC(C1=CC(N)=NC=C1F)C1=NC=CC=C1F,0
CCC1(O)C(NC(=N)C1=O)C(C)(C)C(F)(F)F,0
CC1NCC(CNCCN)=C1C(F)(F)F,0
CC(O)CN1C=CC(F)=CC1=NCC(O)C#C,0
CCC1=C(N=C2C=CC(F)=CN12)C(N)C(C)C,0
CCC1CC2(COC3=CC=C(F)C(N1)=C23)OC,0
CC(CCOC1=C(F)C(O)=NC(=O)N1)NC=N,0
CC(O)C(C)C1=C(N)C(C#C)=C(F)C=C1CN,0
CN1C=C2N(C=C3C(C)=CC=C3C2=O)N=C1F,0
CC1=C2C=COC(C=C(C)C(=O)N=CS1)=C2F,0
CC(C)OC1=NC(=CC(F)=C1)N=CNCCO,0
CCCN=C1C(F)=CC2=C(O)ON=CN2C1=O,0
CC(=O)CN=C1SC=C(F)C=C1CC(F)(F)F,0
CCCCC1=NC(F)=C2C=NC(CC)=C2N1C,0
CC1COC2C(N)C1OCC2(O)C(F)(F)F,0
CC1=C(OC(N)=N)C(=N)N(CC(N)=O)C=C1F,0
CC1(CO)C2C(O)C(CN2CC1=O)C(F)(F)F,0
CCN(C)C(C)C1=C(F)C(CC#C)=CN=C1O,0
CCCN(CC1=NSC(=O)C(F)=C1)C(N)=NC,0
CCOCCN(C(N)=N)C1=NC=C(F)SC1=O,0
CCOC1=C(F)C=C(CN)C(N)=C1CCNC,0
CCC1=NC(OC)=C(F)N=C1CCOCC=O,0
CC(NC1=CC2=NSN=C(F)C2=C1O)C(O)=O,0
CC(C#N)N1C(=N)C(N(C)C)=C(N)C(F)=C1N,0
CC(O)CC1=CC(F)=C(C(=O)C(C)=O)C(=N)N1,0
CC1CN=C(N(C)C=N1)C1=CC(=O)C(F)=NN1,0
CCC1=NC=C(N1)C(O)C1=NC(F)=NC=C1F,0
CC(N)C12CN3C(=CC=C(F)C3=N)C1CCN2,0
CCNC1C(O)COC1=NC1=NC=C(F)C=C1,0
CCC(CC=O)OCC1=NC=C(F)C=C1CC,0
CC1=C(C2=C(COC=NC2CO)N1)C(F)(F)F,0
CCC1=CN(C=O)C(=NC)C(F)=C1C(C)(C)O,0
CCC(C)(C)N1C(=O)N=C(F)C(F)=C1C(O)=O,0
CC(O)C(O)(C1OC=NCC1C#C)C(F)(F)F,0
CC1CC(NC(=N1)C1(O)CCOC1)C(F)(F)F,0
CC(C)(C)C(CN)N1C(=N)N=C(F)C=C1C#C,0
CCC(CCC#N)C(C)NC1=CC=CC=C1F,0
CCN(C(C)C)C(=O)C1=C(F)C(C)=NNC1=N,0
CC1=C(F)C(=N)N2C=C(NC=O)C=CC2=C1N,0
CC1=C(N)C=C(CC(F)(F)F)N1CCC(O)=O,0
CCOC1=C(C(N)=O)C(F)=C(F)NS1(=O)=O,0
CC(N)(CO)CC1=C(C#C)C(=N)OC(F)=C1N,0
CC1=CC(=NC(N)=CSC(=C1)C(F)(F)F)C#N,0
CCCC1=C(CN2C=NC=N2)SN=C(F)C1=O,0
CCC(O)C(C)CCN1C=CN=C1C(F)(F)F,0
CC1=CCC2CC1(C)C1NC21C(F)(F)F,0
CN1CCC2=C1N(C)C1=C2C(F)=CC=C1C=O,0
CCC(CO)CC1=C2OC=C(F)N=C2C=C1C,0
CC1(C)C(O)CC2N=CNC1(C2N)C(F)(F)F,0
CC(O)C(O)C(C)(C)NC1=CC(F)=CC=C1O,0
CC1(CC(=O)C(N1)C1=CC(N)=CC(F)=C1)C#N,0
CC1NC1CC(CC(C#C)C(F)(F)F)=NO,0
CCOCC(=O)C1CCC(C1)(C#N)C(F)(F)F,0
CCC(CO)(CC1=C(F)C(=O)N=C(F)N1)C#C,0
CC(C)N(C)C1=C(F)C(CN)=NC2=NOC=C12,0
CC(NC=O)C1=C(F)C(N)=CC(N)=C1C(N)=O,0
CC1=NC=C(C2COCC(O)CN2)C(C)=C1F,0
CC1=NC2CC(O1)C(C2)N=C1N=CSN=C1F,0
CC(C)(CCC(C)(N)C(F)(F)F)CC(O)C#N,0
CCCCC(N)C1=CN2C(C)=CN=C2C(F)=C1,0
CCCC(N)C(N)=NC1=C(O)N=C(F)C=C1O,0
CCCC1=C(F)C(OC=NC)=C(O)C=C1CC,0
CCC1(NC(=O)C(OCC(F)(F)F)C1O)C#C,0
CC(C(=N)N(C)C)C(=O)C1=CC=NC(F)=C1C,0
CC1N=COC2=NC(F)=CS(=O)(=O)N2C1C=O,0
CN1CC2=CC=CC(F)=C2C1C1=NOC(O)=C1,0
CC(=O)C(C=O)(C#N)C1=C(C)N=C(F)NC1=N,0
CN1C=CC2=C(N)N=CC3=C(F)SC(=O)C1=C23,0
CCC1CCNC(CO)C2=C(N)N=CC(F)=C12,0
CC1=CS(=O)(=O)CN1C1=C(F)C(=N)ON=C1,0
CC1NCC2(CNC1C2)S(=O)(=O)CC(F)(F)F,0
CCC1(O)C(C)N(C(=N)C(F)(F)F)C(=N)C1=O,0
CC1=NC2=C(F)NC(F)=C3C2=C1NC=NC3=N,0
CC1=C2C(=NS1)C(O)=C(F)N=C2CC#C,0
CC1NC(CCC1CC(F)(F)F)(C=O)C(C)=O,0
CC(O)(CC#C)C1=C(O)C(=O)C(C=O)=C(F)N1,0
CCOC=NC1=C(F)C(O)=C(C=O)C(N)=C1C,0
CC(C(N)C(F)(F)F)C1OCCOC1(C)CN,0
CC(C)C1=C(CNCC#N)C(F)=C(N)SC1=N,0
CCC12OCC(C=C1CC(F)(F)F)C2CN,0
CCC1=C(F)C2=C(C(N)C(CC#N)C2)C(=O)S1,0
CC(=O)N1C(=N)C(=O)N2C=NC=C(N)C2=C1F,0
CC1C2OC(C)C(N)(CC2(C)O)C1C(F)(F)F,0
CC1CC(=N)OCC1(CO)C(O)C(F)(F)F,0
CCOCC(C)(C(C)=O)C1=CC(=N)NC(F)=N1,0
CC1CC2=C(F)N=CC(N)=C2OC(=N)C1C=O,0
CCC1=C(F)C2=C(COC(=O)O2)N=C1C(C)C,0
CC(CCO)(OC1=NC(F)=CNC1=O)C(N)=O,0
CC1C(OC=N)OCC1C1=CNC=C(F)C1=N,0
CCCNC(C)C1=C(F)SC(N)=C(F)C1=NC,0
CC1=C(C=C(O)S1)N=C1C(N)=CSC(F)=C1F,0
CC1NC2=C(N=CC(F)=C2NCC#N)N=C1N,0
CC1=CSC2=C(C=CN2)C=NC(=C1)C(F)(F)F,0
CCC1N=COCC2=CC(C)=NC(F)=C2C1=O,0
CC1=C(CCC1O)N1C(F)=NC(F)=CS1(=O)=O,0
CC(C)CC1=NC(=C(Br)N=C1C=O)C(F)(F)F,0
CCC(C)(C1=C(O)C(=O)NC(Br)=C1)C(F)(F)F,0
CC(C)C1=NC2=C(CCCO1)C(F)=COC2=O,0
CCN=C1C(N)=C2OC=CN2C(F)=C1OC=O,0
CC1=C(F)N=CC2=C1NC(CN)C2C(N)CN,0
CCN=C1C(F)=C(F)SC(NC(C)(C)C)=C1F,0
CC(O)C(=O)N1N=NC2=C1N=C(F)C(O)=C2C,0
CC(=O)OC=NCC1=C(F)C(=N)SC(C)=C1C,0
CCC1=C(F)C(OC)=CC(CN(C)C)=C1C#N,0
CC(N)(CO)C1=C(N)C(F)=C(NC1=O)C(O)=O,0
CC(C)(NC=N)C1=C(F)NC(=N)C(O)=C1CO,0
CCC(O)C1=C(F)C(=CC=N1)C(C)(C)CCO,0
CC(C1=CC=C(N)N=C1C(N)CN)C(F)(F)F,0
CCC1=NC(NC(NC)=C1F)=NC1CCNC1,0
CCC1=NC(F)=C2COCCC(C)CCC2=C1,0
CC(CC(=O)C1=C(C)N=C(F)C(=O)N1)N(C)C,0
CCC(O)C(=O)C1=C(F)N(C=NC1=O)C(C)C,0
CCC1=C(F)C(O)=C(CC(C)C#C)C(S1)=NC,0
CC1(OC(CN=C1N)(C#N)C(F)(F)F)C#N,0
CC1CC2=C(N1)C(=NCCNC=N)C(F)=CN2,0
CC1=CN2C(O)=C(N)C=C2C(=C1C)C(F)(F)F,0
CCCCCC(C)C(=O)CC1=CC=NC(F)=N1,0
CC1(O)C(O)C(C)(N)C(C)(C)C1C(F)(F)F,0
CCCC1=NC(N)=NC(=C1F)C(O)(C=O)C#C,0
CCC1C(O)C(C)C2=C1C(=O)C(F)=NN2CC,0
CC1C2=C(NC(O)=C2)NC2=NC=C(F)C(N)=C12,0
CC(CCO)C1=C(F)SC(OC(N)=O)=CC1=N,0
CC1=C(CO)C=NN1C1=C(F)OC(=O)C(=N)O1,0
CCOC1=NC(CCCNC)=NC(CN)=C1F,0
CC1=CC(F)=C(C=O)C(=N1)C(C)(O)COC=O,0
CC1=C(N=CN1)C1=NC(F)=C2CCCNC2=C1,0
CC(C)C1(O)C2=NC(N)=CC(F)=C2CC1(C)N,0
CCCC1=C(N)NC=C1NC(C)C(F)(F)F,0
CCCN=C1OC(=O)N2C(=N)C=CC(F)=C2O1,0
CC1CCC(N1)C1OCC2=NNC(=N)C(F)=C12,0
CC(C)C1=C(C=O)C(=NC(C)(C)C)C(F)=CN1,0
CC1=C2NCCNC(CCN)C2=C(F)OC1=N,0
CC1(C)CCC(CC=O)(N2CC12)C(F)(F)F,0
CCC1=NN2C(C=NC(F)=C2C(C)O)=NC1=O,0
CCC1=C2NC(CC#N)=C(F)C(=NO)C2=NS1,0
CC1C2C(C#N)C(C(=N)N2C1=O)C(F)(F)F,0
CCN1C=NC(=NC2=CSC(C)=C2N)C(F)=N1,0
CC(C(=O)C(F)(F)F)C1=C(N)SC=C(N)C1=N,0
CCC(OCC1=CC(=N)N=C(F)O1)C(C)CN,0
CC(OC1=NON=N1)C1=NC=C(C)C(N)=C1F,0
CC1C2CCC1C(O2)C1=C(F)N=CC=C1C#N,0
CC(C)(CO)N=CNCC1=CC=NC(F)=C1O,0
CC1=CN2C(=C1)C(O)=CC(C1=NSN=C1)=C2F,0
CC1=NC(COCCOCC(N)=N)=NC(F)=N1,0
CC1CCC2NC3=CN=C(F)C(=N)N3CC12C,0
CC(CN=C(C)NCC#N)C1=CC=NC=C1F,0
CCCC(O)CNCC1=CC(C)=CC(F)=C1C,0
CC(C)(O)C1=CC(N)=C(F)N(C(=O)CN)C1=N,0
CC1CC(N2CC(=N)OCC(C)C12)C(F)(F)F,0
CC1=C2C=CC3=NON=C3C=C2C(=O)N=C1F,0
CC1OC2=C(N=C(C=O)C(N)=C2F)N(C)C1=N,0
CCC(C)OC1=NC(=NC(=O)N=C1)C(F)(F)F,0
CCN=CNC(CNC)C1=NC(=N)N=C(F)O1,0
CC1C(CO)C(CCN1CC(F)(F)F)OC=N,0
CCC(C)CNCC(CC)C1=NC=CN=C1F,0
CC1CCC(N1)C1=NC=C(F)C=C1C(=O)C#N,0
CC1CC2=C(NC(O)=C2C(F)(F)F)C(O)C1O,0
CC(C(C)C1=C(F)NC=C2C=CC=C12)C(C)=O,0
CCC(CCC1=CN=C(N)C(F)=N1)OCC#N,0
CC(N)C(C)N(C(N)=N)C1=NC(F)=CC(F)=N1,0
CCC1=C2C(F)=NC(=O)C=C2C(CC)=C(C)N1,0
CC(C)C1=CCC2=C1OC(CC(F)(F)F)=N2,0
CC1NC2CC2CC2=C1C(C=C(F)O2)=NO,0
CC1CC2=C(N=CS2)C2=C(N1)C(=O)C(F)=NO2,0
CC(N)CN1C(=N)C2=C(C(O)=NS2)C(F)=C1F,0
CCC1(O)CNC(CO)C1(C)C(C)C(F)(F)F,0
CCNC12CN(C1C(C)C(F)(F)F)C(C)C2,0
CC1CCC2(C)N1C(=N)C1=CC(C)=C(F)N=C21,0
CC1=C(N)C(=C(F)C=N1)C(C)(C)COCC#C,0
CC(CO)C1=C2C(=C(C)S1)C(N)=NC(F)=C2O,0
CCN(C(=O)C(C)=O)C1=NC=C(N=C1F)C#C,0
CC(O)C(C(N)=N)(C(N)=N)C1=NC=CC(F)=C1,0
CCC12NC(CC(F)(F)F)C1CC(O)C=C2,0
CC(C)C1=C(F)C2=C(N=NS2)N=C1CN,0
CC1=CC(=N)SC2=C1SC1=C2C(=O)NC=C1F,0
CCN=C1SC(COCC(C)O)=C(F)OC1=N,0
CC(C(N)C1CCNC(=NC1)C#N)C(F)(F)F,0
CC(NC(C)(C=O)C#C)C1=CC(=N)N=C(F)O1,0
CC1=C(SN=C1)C1=C(N)C(=O)NN=C1F,0
CC(C)(C)CN=C1C(O)=C(NC(O)=C1F)C#N,0
CC12CN3C(F)=NS(=O)(=O)C=C3C=C1CO2,0
CC(C(C#C)C(F)(F)F)C(=NO)C1=CNN=C1,0
CC1N(CCCNC=N)CC2=CN=C(F)C=C12,0
CC1=C(O)C(C=O)=C(N1)C1=NC(=N)C(F)=CN1,0
CC(CCCO)CNC1=NSC(F)=C(F)C1=O,0
CCCC1=NC=C(C2=CC=NN2C)C(F)=C1O,0
CN1CC2=C(C=C(F)C3=C2C(CO3)C#C)C1=O,0
CC(C#C)C1C(O)C(C)C2=C1SC(=N)N=C2F,0
CC1=C(C(=O)C=O)C2=NC=C(F)C3=NC=C1N23,0
CC(N=CNC=N)C1=C(O)C=C(F)N=C1C#C,0
CC1=C(O)C(=O)C(=C(F)N1)C12CC(C1)OC2,0
CC1=C(C)N2C(N1)=CC(OCC#C)=C(F)C2=O,0
CC1NC2=CC(F)=CC(CCC(N)C#C1)=N2,0
CC(=O)NCC#CC(O)(CC(F)(F)F)C=O,0
CC(C)(CN)CC(N)C1=CNC(=O)C(F)=C1N,0
CC(N=CN)C(C)(O)C1=C(F)C(=N)SC(O)=N1,0
CCC(CNC(N)=NC)(OCC(F)(F)F)C=O,0
CC1=C(N)SC2=C1C(CC#N)=C(C)C(F)=C2C,0
CC12OC1C(=NO)C(O)C2(O)C(O)C(F)(F)F,0
CCC(CN)(CN)CC1=CC(C)=NC(N)=C1F,0
CCC(=O)CC1=C(F)N=C2CCNCC2=C1F,0
CCOC1=C(F)C=C2C(=N)NCC2=C1CC=O,0
CC1CN=CNC2=CC=C(F)C=C2C1CCN,0
CC1=CC=C2NC3COC(=O)C3(C)OC2=C1F,0
CCC1=C(N(C)C(C)C)C(F)=C(OC)C(=O)O1,0
CC(=O)CC1=C(C)C(F)=C(N=C(C)N)C(=O)O1,0
CC(C)(C)N=C1SC(=CN=C1F)C1=NCCN1,0
CC1NCC2(COC3=C2C=NC=C3F)NC1C,0
CCNC1=NNC(C2=NOC(N)=C2)=C(F)C1=N,0
CC(C)N(CC#C)CC1=CC(=N)C(C)=C(F)S1,0
CCC(CC#N)C(=O)OC1=NC(F)=CC(=N)S1,0
CC1(N)CN2CC1(C#N)C1=CC(F)=C(F)N=C21,0
CC1=C(F)C(N)=C(F)C2=C1OC(N=CN)=C2O,0
CC1CC(COCC1O)NCC(F)(F)F,0
CC(CC#C)NC1=C(CCN)OC(F)=NC1=O,0
CC1=CC2C(CN)N2C(=N)C=C1C(F)(F)F,0
CCN=C1OC(OC)=C(C(F)=C1CC)[N+]([O-])=O,0
CC1=C(C(O)CO)C(F)=C(CN)C=C1CC#N,0
CC1OS(=O)(=O)N2C=CC(OCC(F)(F)F)=C12,0
CCC(C)(N)C(N)CC1=CC(F)=C(C)C(=O)N1,0
CC1=C2OCOCC(=O)NC2=C(F)C=C1C#N,0
CC1CC2OC(C(O2)C(C)(C)C1N)C(F)(F)F,1
CCN(CC)CC1=CN=C(F)C(C(C)C)=C1N,1
CCOC(C)(CC#C)C1=CC=C(F)N=C1NC,1
CN1C=CC2=C(F)C(=N)C=CC2=C1C(=O)C#C,1
CC1C(C#C)C2CC1(O)C1=NC(=O)C(F)=CN21,1
CC(O)CC(CCO)C1=CC(F)=C(C)N=C1F,1
CCN(C(=O)C(C)O)C1=COC(=O)C(N)=C1F,1
CC1=C2CC3=NSC=C3CCC2=C(F)C(=N)N1,1
CC12COC(=N)C(OC3=C1C=C(F)OC3=O)O2,1
CC(=N)OCC(N=C1NC(F)=CC(C)=C1)C#C,1
CC1=C2SC(=NC(F)=C2)C(=O)C=CNC(O)=C1,1
CC(O)CCN1C(=N)C(C)=C(F)N=C1C(C)C,1
CCC(OC)C(C)CNC1=NC(=O)NC=C1F,1
CC(N(C)C(CO)=NC(CN)C#N)C(F)(F)F,1
CCC(CC)N(C=O)C1=CC(=NO1)C(F)(F)F,1
CC1=CC2=C(N=C(C)C(F)=C2NC=N)C(C)=N1,1
CCCNC1=C(F)NC(=NC)C(O)=C1CC#C,1
CC1=C(C(=N)C(=O)C=NN1CC#N)C(F)(F)F,1
CCC1=CN2C(=O)C(N)=C(F)C(=NC)C2=NN1,1
CCOC(C1CC1CN)(C(F)(F)F)S(N)(=O)=O,1
CC(N)CC(C)(O)C1=C(F)C(C)=CN=C1C#N,1
CCOCC1=C(C)C=C(N(C)C=O)C(F)=C1F,1
CC1C(O)C2C3NC(CC3C(F)(F)F)C12O,1
CC(N)(C(N=CN)C1=NC=NC=C1)C(F)(F)F,1
CN1CC2=C(N=CN2)N2C(=O)C(F)=C(F)N=C12,1
CC1=C2N(CCC3=C2C(C)=C(F)C(=N)O3)C=C1,1
CC(O)(C1=C(N)C(=N)C(=NN1)C#N)C(F)(F)F,1
CC(CC#C)CC1=NC(F)=C(CCN)C(O)=C1,1
CC(N)C1=NC2=C(N1)C=CC(C(O)C#N)=C2F,1
CC(CO)CN=C1SC(F)=CN2N=C(O)N=C12,1
CCC1=C2C(C=C(F)N=C2C(N)=O)=NSC1=N,1
CCCC1=C(C(C)O)C(=O)N=C(F)N1C(C)C,1
CC(C)CCCC1=C(NC(=N1)C#C)C(F)(F)F,1
CC(C#C)C1=CC=C(F)C(O)=C1N=COC=O,1
CCC1=CN=C(F)C(OC2=CC=C(N2)C#N)=N1,1
CC1=NC2=NC(OC(F)=C2)=CNC(=O)N=C1,1
CC(OC1=CC=C(CN)NC1=N)C(F)(F)F,1
CCCC(CC)COC(C)C1=CN=C(F)C=N1,1
CC1=C(O)C(F)=CC2=C1C=NC(F)=C2C(N)=O,1
CCC1(CCNC)CC2=C(N=CN=C2F)C1O,1
CCC1C2CC(=O)NC(CO2)CC1C(F)(F)F,1
CC(=NO)C1C2CCN=CN2C1C(F)(F)F,1
CC(CN)N(C(C)C(F)(F)F)C1=CC(N)=CO1,1
CC(O)CC1=C(N)C(=O)C(F)=C(S1)C(C)C=O,1
CCCNCC1=C(O)C=C(F)C=C1NC(C)=O,1
CCN(C)CC1=C2OC(=O)C(O)=C(F)N2N=N1,1
CCCC1OC(CC)(CCN=C1N)C(F)(F)F,1
CCCCN1C=C2C(=O)NC(C)=C2C(F)=C1O,1
CC1OC2=CN=CN=C(C)C=CC(C1C)=C2F,1
CC1=CC2=C(OC=C2CN2C=CN=C2)C=C1F,1
CC1COC=NCC2=CN=C(F)C(C)=C2C1=O,1
CC(C#N)C1=C(F)C(=COC1=N)C(C)(N)CN,1
CC1=NNC(=C1)C(C=O)N=C1NC=C(F)C=N1,1
CC1CCN=C(N)C(CC(=O)CC(F)(F)F)N1,1
CN1CC2CC(C2)CC2=C1N=C(F)C(C)=N2,1
CC(OCC1=C2NC(=O)C=C(F)C2=NN1)C#C,1
CC1C(C(F)(F)F)C(C)(CN1C)C(C=O)C=O,1
CCC1=C(OC(=O)N=C1F)C(O)(C#N)C(C)=O,1
CCN(CC)C1=CC(CO)=C(OC)C(F)=C1N,1
CCCNC1=C2C=C(F)NC(N)=C2C(O)=C1C,1
CCC1=NC=C(CNC)C2=C1C=C(C)C=C2F,1
CCCN=CN(C)C1=NC=CC(F)=C1CNC,1
CC1=NC2=C(CCC(CCC(F)(F)F)C2=O)O1,1
CC1=C(F)N=C2C(=N)OC(C#C)=C(C#C)C2=N1,1
CC(C)C1=NC2=CC(CC(F)(F)F)=NC2=NN1,1
CC1=C(F)C(=CC2=C(CN)C=CN12)C(N)CO,1
CC1(C)CCC(N)C(N)C1OC(=N)C(F)(F)F,1
CC(CCN)(CCO)C1=C(N)C(F)=CNC1=O,1
CCC1=C(NC(C=O)C#C)C(F)=NSC1=NC,1
CCC1=NC(=N)C(F)=C2C=C(C)N=CC(=O)N12,1
CC1=C(F)C2=C(C=N1)C(O)(C=O)C1=NC=CN21,1
CCC1=C(F)C=C(N)C=C1C(NCCN)=NC,1
CC(C)C1=C(NC(F)=C(F)C1=O)C1=NOC=C1,1
CCC1(CNC(=N)C(N1)(C#C)C(F)(F)F)C#N,1
CC(C1OC(=N)CC1NCC(F)(F)F)C(N)=O,1
CC(C)CC(C)COC1=C(F)C(=N)NC(N)=N1,1
CC1=C(F)C=C(C(N)S(O)(=O)=O)C(N)=C1O,1
CCCN(CC#C)CC1=C(C)N=C(F)NC1=O,1
CC1=C(CN)OC=C1OCC(C)(O)C(F)(F)F,1
CN1C=C(C2=C1C(CN)C(N)CC2)C(F)(F)F,1
CC1CS(=O)(=O)NC(=N1)C(C(O)=O)C(F)(F)F,1
CC1CC2(CC(NC1C2O)C(F)(F)F)C(N)=N,1
CC1=C(F)C2=C(C(=O)OC(O)=C2C=N1)[N+]([O-])=O,1
CC1(C)CN=C2NC(=N)CC(C2C1)C(F)(F)F,1
CC1(N)CNC(=O)CCC1(O)C(O)C(F)(F)F,1
CC1CC(CO)OC(CCC1=NO)C(F)(F)F,1
CCN1C2=C(C)N=CC2=NC(F)=C1C(N)C#C,1
CC(=O)C1=CC(C#N)=C(F)C2=CC(=N)N=NN12,1
CCC1=C(C#N)N(C)C2=CC(=O)C(F)=CC2=C1,1
CC1COC(C)C1C1=C(CO)C(=O)NC=C1F,1
CC1=NC=CC2=NCCN3C(=O)N=C(F)C1=C23,1
CCCCC(C)CCN1C(=N)C=CC(N)=C1F,1
CC(NC(=N)C#N)C1=CC(F)=CN(C=O)C1=N,1
CC(CN=C1N=CC(F)=CN1C)C(CN)CO,1
CC1=NC(F)=C2COCC(CN)N3C=NC1=C23,1
CC1CCC2C(N)C=C(C(F)(F)F)C22CN12,1
CC1(O)C(N)C2=CCOC2(C1N)C(F)(F)F,1
CC1=CC2=C(C=NO1)C(=O)S(=O)(=O)N=C2F,1
CCN1C2CC(N)CC(C)(C2C(F)(F)F)C1=O,1
CCOC(C)C1=CC(F)=CC2=NSC(=N)C=C12,1
CC1=CS(=O)(=O)CN1C1=CC(=O)ON=C1F,1
CC1CNC2(CC(O)C1CNC2=O)C(F)(F)F,1
CC1NC=NC2=C1C(=NC(O)=C2F)C(=O)CO,1
CCC(C)(C#C)C1=CC=CN1CC(F)(F)F,1
CC(N)C1N=C(OC(CC1N)C#C)C(F)(F)F,1
CCN=C(NC1=CC(C=O)=C(N)S1)C(F)(F)F,1
CC1=NC(O)=C2C(F)=C(N)C(=O)C(CN)=C2N1,1
CCCCCC1=C(CC)C=C(F)C(F)=C1C#N,1
CC1=C(C=O)C(F)=NC2=C1NC(C(O)=O)=C2N,1
CC(O)C(O)(CN)C1=C(F)C(C#N)=C(N)C=C1,1
CCC(C)N=C1C(O)=C(F)ON=C1C(O)CN,1
CC(C)C1NC(=O)C=CC2(CC12)C(F)(F)F,1
CC(=O)CC1=CN=C(F)C(=N1)C1=C(N)N=CS1,1
CC1=C(CO)SC2=CC(C(N)=N)=C(N)C2=C1F,1
CCC1=NNC(=NCC#N)N1C(=O)C(F)(F)F,1
CCN=C1NCC2=CC(F)=C(C=C2C1N)C#C,1
CCC1=C2C(=N)C(F)=CC(=O)C2=C(N)SC=N1,1
CC(C)(C)OC(=NC1=NC=CC(N)=C1F)C#N,1
CC1=C2C=C(OC=C2F)SC(N)=NC(=N)C=N1,1
CC1=C(N)OC(C(N)CCC#N)=C1C(F)(F)F,1
CC(CN)N1C(F)=NC(CCCN)=C(N)C1=O,1
CC1=NC2=C(C(O)COC2=N)C(CC=O)=C1F,1
CC(C)(N)CNC(=O)OC1=CC(F)=COC1=O,1
CC(CCC1=NC(F)=CC(N)=C1)NC(=N)C#C,1
CC(C)C1C(CO)C(C)C2=C(F)C(=N)C=CN12,1
CCC(C(C)C)C1=CN=C(C=C1F)C(C)(C)C,1
CCC(CN)NC1=CC(F)=NC2=C(C)ON=C12,1
CC(C)N=C1C2=C(SC(N)=C2NN=C1F)C#N,1
CC(C)(C)C(OC(N)=N)C1=CNC(=N)C=C1F,1
CCC(CO)C1(COCO1)C(=NO)C(F)(F)F,1
CC(N)C(N)C(=O)NC1=C(F)C(=O)OC(N)=C1,1
CCOC(CCNC)CC(OC=N)C(F)(F)F,1
CC1CNCCCCC2=C(F)SN=C1S2(=O)=O,1
CC1=CC(CO)=C(C#C)N2C=C(F)C(=N)C=C12,1
CC(N=C(N)OC1=NC(N)=CC(C)=C1F)C#C,1
CCCC(N1CC1C#CC#N)C(F)(F)F,1
CC1NC=NC11C2CC1C(=C2)C(F)(F)F,1
CCN=CNC1=C(C)C=CC2=C1C=NC(F)=C2,1
CC(=O)CC1=CN(C(=O)C(F)=C1)C(C)(C)CO,1
CC1=C(N)NN=C1C1=CC(F)=C(C)C(CN)=N1,1
CC(CN)S(=O)(=O)NC1CC1C(O)C(F)(F)F,1
CCC1=C(OC)C(C(N)CN)=C(C)C(F)=C1C,1
CC1(C)CC2=C(CC(=N)N1)OC(F)=C(N)C2=O,1
CC1C(CO)NC(=O)C1C1=NC=C(F)C(C)=C1,1
CC1=C(N=C(OC=N)S1)C1=CC(=O)OC(F)=C1,1
CCN1CC2=C(OC(N)=C(F)C2=O)N(C)C1=N,1
CC(CC(N)C(F)(F)F)N1C(=O)SC=CC1=O,1
CC1=C(CCN)C2=C(OC(F)=C(C)C2=O)C=N1,1
CC(C)(C)CCNC1=C(F)C(=N)C=NS1,1
CC(C)C1=C(N)N(C=C(F)C1=N)C1CCOC1,1
CCC(C)(C)C1=C(C(C)C)C(C#N)=C(F)N=C1,1
CC(C)(CO)NC1=C(N=C(F)C(=O)O1)C(N)=O,1
CC1=CC(=O)C2=NC3=NC=CC=NN3C2=C1F,1
CCC1=C(C(C)=C(F)N=C1CCN)C(C)(C)O,1
CCC(CC(C)N)C(C)N1C=C(F)C(=N)N=N1,1
CCC(O)CCCC(O)(CN=CN)C(F)(F)F,1
CC(N=C1SC(F)=C(O)C(O)=C1)(C#N)C(N)=N,1
CC1=C(C(C)=C(F)C2=C1C(N)CN2)C(C)(C)O,1
CC(=N)OC(=O)CCC1=CC(=N)C(N)=C(F)O1,1
CC(C)C(=O)C(=O)NC1=CC(=N)C=C(F)N1C,1
CCCC(N)=NC(C(CC)CC#C)C(F)(F)F,1
CC1CC2C1N=C(NC(=N)C(F)(F)F)C2O,1
CC1N=CNC2=C1C(=C(F)C(=O)N2)[N+]([O-])=O,1
CCN=C1N(C)C=NCC2=C(C)C=CC(F)=C12,1
CC(C(C=O)C(=O)C1=CON=C1N)C(F)(F)F,1
CC(O)C1=NC(=CC(F)=C1C1=NCCO1)C#C,1
CCC1N=C(OC1=O)C1=CC(=N)SC(F)=C1O,1
CCCC1CCC2=C(C)N=CC(F)=C2CC1=O,1
CCC(C1CCCN1CCC(N)=N)C(F)(F)F,1
CC(C=O)N1C(C)=C(N)C(F)=CC1=NCCO,1
CC(C1=NNC(=O)O1)C1=COC(F)=C(N)C1=O,1
CCCC1=C(NC(=N)C(C#N)=C1F)C(O)C#C,1
CC1=CN=C(N2CC(O)CCN=C2)C(F)=C1N,1
CCCC1=CC=C(F)C(NC(=O)NC)=C1C#N,1
CC1=CC(F)=NC(F)=C1OC(CC(N)=N)C=O,1
CC(N)CC(C)N=C1C2=NOC=C2SN=C1F,1
CC(O)C(C)(N)C(O)(C#N)C1=NC=NC(F)=C1,1
CC1=C(F)C(=NC=C1)C12COC(OC1=N)C2O,1
CC(CC1=CNC(CN)=C(F)C1=N)OC(N)=O,1
CC(CC(O)C(C)C=O)C1=CC(F)=NC(=N)N1,1
CC(N)(CC1=NC=C(F)C=C1)C(N)(CN)C#C,1
CC1=CSC(C#N)=C1N=C1SC=CC(C)=C1F,1
CC1=C2N=C(C(O)=O)C(O)=C2C(F)=C(N1)C=O,1
CCCN1C(N)=NCC2=C(NC)C(F)=CN=C12,1
CC1CCN=COC2=C(OC1)C(F)=CC=C2N,1
CC1=C(F)C(=O)C=C(N1)N=C(NC=O)C(N)=O,1
CCOCC(N)(C(N)C1=NCCN1)C(F)(F)F,1
CCC1(C)NC(=N)NC(C(C)C(F)(F)F)C1N,1
CC(O)C1N=C(N)C2CC(C1C2=O)C(F)(F)F,1
CCN(C)C(CCO)C1=CC(F)=CNC1=NC,1
CCN=C(CC1=NNS(=O)(=O)C=C1F)NC,1
CCC1=C(F)C=C(OCC(=O)OC)C(N)=C1N,1
CCN1N=C(F)C(=N)N(CCCCCN)C1=N,1
CCNC1=C(C=C(F)C(=N)O1)N(CC)C(C)C,1
CC1=CSC2=C(SC(F)=C(N)C2=N)C(=O)C1=N,1
CCCC1(C(CC1(N)CC)NC)C(F)(F)F,1
CC1OCC(C1CC=O)N1C(=O)N=CC=C1F,1
CCC1=C(CN)C(F)=C(NC(=O)C#C)C(=O)O1,1
CCCC1=C(F)C(N)=CC=C1C1=C(C)C=CO1,1
CCC(N)(CC(C)O)C1=C(F)C(=O)N=C(N)O1,1
CC(C)C1C(OCC2=C1C(N)=CN2)C(F)(F)F,1
CC(CC1=C(CCC#C)C(F)=NOC1=O)C#C,1
CCNC(CC)C1=NC(=NC(F)=C1NC)C#C,1
CCC(N)C1(CC)CC(C(C)C1O)C(F)(F)F,1
CCC(N=C1SC(C)=C(F)C=C1)C1=NSN=C1,1
CC1CC2NC(=N)C(C(O)C(F)(F)F)=C2C1,1
CCC(CCO)(CN=C1OC=CC(F)=C1)OC,1
CC(C)(C)CCCOC1=NC=C(F)N=C1CN,1
CCNC1=C(F)S(=O)(=O)C2=C(S1)C(O)CO2,1
CC(C)CC(CC#C)C1=C(F)C=C(F)C=C1N,1
CCC(C)(N)C1=C(N)C(NC=N)=C(F)C(C)=C1,1
CC1COC(=N)C(C1=O)C1=C(F)C(F)=NC=C1,1
CN1C2C3=NOS(=O)(=O)N3C(C(F)(F)F)C12C,1
CCN1C2=C(N(N=C1F)C(C)=O)C(=O)C(=N)N2,1
CCOC1=C(O)C=CC(F)=C1C1=NOC=C1O,1
CCC1=NC(O)=C(CCN(C)C(C)=O)C=C1F,1
CC1CCC(CNCC(N)C(F)(F)F)C(C)C1,1
CC(CCN)NCC1=COC(F)=CS1(=O)=O,1
CCC1=C(F)C(=O)C(CCCCNC)=C(C)O1,1
CC1NC2C(CO)C1C1=C2N=C(O)C(F)=C1O,1
CCC(CCC#N)NC(C)=NC(C)C(F)(F)F,1
CCC(CN=C1NC(C)=C(F)C=C1CC)OC,1
CC(OC1=NC(NC(C)=N)=CC(F)=C1C)C#C,1
CCCC1=CC(F)=C(C)C(C(C)N)=C1[N+]([O-])=O,1
CC(C)CCOC1=C(N=C(F)C(=O)O1)N(C)C,1
CC(N)C(CN)(C#N)C1=COC(=N)C(C)=C1F,1
CC1=C(F)C(=CN=C1)N1CC(CO)C(O)C1=N,1
CC#CCC1(CCOC1)C(C)(N)C(F)(F)F,1
CCC1OC(CC=O)C2=C1C(=NC)N=C(F)N2,1
CCC1(CN)NCC(N)CC1(NC)C(F)(F)F,1
CCC1(CN(C)C(C)C1(CO)C=O)C(F)(F)F,1
CC(CCN1C(C)C(=O)CNC1=N)C(F)(F)F,1
CCCC(C=O)C(O)(CC)CNCC(F)(F)F,1
CCC(CN)CC(C)(C1=NNC=C1)C(F)(F)F,1
CC(N=C1OCC(CN)OC1(C)C)C(F)(F)F,1
CC(CN=COCC=O)C1=C(F)N=CC(=O)N1,1
CCC1=NNC(NC2=NC(CN)=CN=C2F)=C1,1
CCCC(C(C)CC1=NCC(=O)N1)C(F)(F)F,1
CCCN(C)CC(N)=NC1=CC(F)=COC1=O,1
CCC(N=CN)C(N)C1=C(C=NO1)C(F)(F)F,1
CC1=C(F)C=C2NC(CC2=C1CCN)C(N)=N,1
CN1CC2NC(C(O)C2(N)C(F)(F)F)C1=N,1
CCC1=C(F)NC(C=C1)=NCC1(N)CCNC1,1
CC1=C(F)SN=C2C1=NC(=N)C=CSC=C2O,1
CCN1CC(C)C(=O)C1C1=NOC(=N)C(F)=N1,1
CC(=N)OC(C(O)=O)C1=C(F)C(=O)OC(=N)S1,1
CC(O)C(C1=NSC(F)=CC1=O)C(C)(O)C=O,1
CC1(CNC1(CN)C(F)(F)F)N=CN,1
CCC(CN)(CN)C1=C2C=CN=C2N=C(F)N1,1
CC1=C(F)C=C(F)C2=C1N(CC=O)C(CO)=C2,1
CCC12COC(C1)C1=C2C(=O)OC=C1OC,0
CC1=CC2(C)COC1C=C1C3CC3CC21O,0
CCC12C(CCC1=O)OCC1C(OC)C21O,0
CC1CC2(CCCCC2)C(O)CC2CC2O1,0
CC1CC(CO)C(C#C)C(C)(O)C(C1)OC=O,0
CCCC(O)C(CC(=O)C(=O)C(=O)OC)OC,0
CC1=C2C(C)=C3COC(C#C)C3C22CC2C1,0
CCCOCCC1=CC2OC(C2C)C1C#C,0
CC1=CC2CC(O)(C2O)C(=O)CC(C1)C=O,0
CCC1(CC=O)CC2(CCO2)C(C)C1(C)O,0
CC1(C)C2=C(C3=C1C(=O)C=CO3)C(=O)C=CS2,0
CC1C(O)C2CC1(C)C(OC(C)(C2)C=O)C=O,0
CC(=O)OCC1CC2CC1(C)CC2S(O)(=O)=O,0
CCC1(O)CC2COCC(CO)(C2)CCC1C,0
CCC(=O)C1C(=O)CCC(C)C(OC=O)C1=O,0
CC1C(O)CCC1C1COCC(O)CCCO1,0
CC12CC(C=O)C(C1)C1(OC=O)OC2CC1=O,0
CC(OC1C(C)CC(=O)C(C)(CO)C1C)C=O,0
CCC12COC(O1)C=C1C=CCC3C(C2)C13,0
CC(=O)C1CC2(O)C(C#C)C(=O)C2(C)C1,0
CC1(C#C)C2CS(=O)(=O)C1C1CC(=O)C1C2O,0
CCC1CCOCCOC23C(O)C2C=CC13,0
CC1(OC=O)C(O)C(C)(OC1=O)C1=CSC=C1,0
CC12COC(C)(C)CCOC1OC(=O)CC2=O,0
CC1OC2OC1C13CC(=O)C21COC3=O,0
CC1(C)C(O)C2CCC(CCCC#C)C2C1O,0
CC1(C)OC2C(CC(O)C#C)CC(O)C=C12,0
CCC1(CO)C(O)CC(C(=O)C(=O)CO)C1=O,0
CC1(C)CC(O)(C#C)C2C3CCC(O3)(C#C)C12,0
CC1(C)C2CCC(O2)C2=CC(O)C(=O)C12,0
CC1=C(C#CC#C)C2(O)C(C1)OCCS2(=O)=O,0
CC1(CC1)OC(=O)C1(C)COCC1C(O)=O,0
CCOC1C=CC2CC(CO2)=C(CC)C=C1,0
CC1=CC2=CC(O)(CC=C1)C13CC21C=CC3,0
CCC1C(O)COC(C)(CCO)OC(=O)C1O,0
CCC1(C)CC2OC(C)(CO)OC(C=O)C2O1,0
CC(O)C1C#CC=CCCCC11OC1C,0
CCS(=O)(=O)S(=O)(=O)C1=CC(OC)C(O)C1,0
CCC1C(O)COC1CC(C)C(O)CCOC,0
CCC1(C)CC(O)(CC)C(C)(CC)C(C)O1,0
CCC1CC(C2C3CC(OC12)C3O)C(O)=O,0
C#CCCC12COC1CC=C2C1=CC=CO1,0
CC(C)C(=O)CC1(CCO)CCC(O)CC1=O,0
CC1=C2CC3CS(=O)(=O)CC33OCC4(C1)C2C34,0
CC12CC1C1=CC3OCC(CC2OC1)S3(=O)=O,0
CC1CCC2OC1(OC1COCC2C1O)C#C,0
CC(C)COC1COCCC2CCCC(C2)C1,0
CC1CCC(=O)OC2CC3=C(OC12)C(C)=CO3,0
CCC1=CC2(C)CCC1(O)C1(O)CC(C1)C2,0
CC12C3OC4C=CC(=CC11CC1OC3=O)C24,0
CCC1C2OCC3COCC23C(=O)C1(C)C#C,0
CC1=C(C(O)C(O)C2(O)COC2)S(=O)(=O)CC1,0
CC12C(O)C(=CCOCS1(=O)=O)C1CCCC21,0
CCC(CC)CC1=CC(OC)OC1(C)C,0
CC(O)C1(COCC1CO)OC1COCC1O,0
CC(C)(C#C)C1(C)CC(CCC=O)C(C)(C)O1,0
CC1(C)OCC2C(CCCC=O)C(=O)CC12O,0
CCC(CO)C(C)(C)CCC1=CC(C)=C(C)S1,0
CC(O)C12C3OCC1=CC(CCO)OC23,0
CC1(O)CC2=CC1(O)CCC(O)C=C2CO,0
CC(C)C(C)OC1(CC=O)CC2=C(O1)SC=C2,0
CC(O)C1COC(C1)OCCC(C)C(C)(C)C,0
CCC(C)(O)C(C(O)C(C)C=O)S(=O)(=O)C=O,0
CC(O)C1OC2CC(C1C1CO1)S(=O)(=O)C2=O,0
CCC1OC2C3C2C(=C1)C(CC#C)OC3C,0
CC1C2COC(=O)C34COCC3CCC124,0
CC(=O)C1OC11CCC(=O)CC#CC=C1,0
CC1C(O)C(C)C2=C1CCC2C1=CSC=C1,0
CC1C(C)C2OCCC1OC1CCC1C2C,0
CC1CC23C(O)C(=O)OC2C2OCCC2C3O1,0
CCC(O)C(CCCCOC)C(CO)C(C)C,0
CCC1CC(C)(COC(C)(C)C)C(CCO)O1,0
CC1=CC2C=CCC(C=C2)C2=C1COC2,0
CC1C2C1(C)C=CC2(C)C1CC=CS1(=O)=O,0
C1OC11CC2C3CCOC3OC22CC12,0
CC1CCCC2CCCC(OC2CCO)C1=O,0
CCC1(OC(C)C)OC2CC1CCCC2,0
CCC1CC2C=CC34C2C3C1(O)C(O)C4O,0
CCC(O)(CC=O)C1(O)CC(C1)C(O)=O,0
CCC12C3COC1OC1=COC(CC(=O)C3)=C21,0
CC1=C(SC2=C1C1=C(O2)SC=C(Br)C1=O)C=O,0
CC(O)C12CCC(O)CC1COCCC2C=O,0
CC1(OCC23OCCCC12C=CC3O)C=O,0
CC1C(=O)C2(C)CC1(C)C(=O)C(C)(O)CCO2,0
CC(C)C1C(C)CCCC1(O)C(O)C(C)C=O,0
CC1=C(C=O)C=C2CCC(CC=CC2)C#C1,0
CCOC(C)CC(C)(C=O)S(=O)(=O)C1CC1,0
CC(C)CC1CCC2(CC2C=O)C(C)=C1,0
CC(O)C1OC1C1C2CC(C(C=O)=C2)S1(=O)=O,0
CC1=CC(C=O)C(C1=O)C1(C)CC(=O)C=C1,0
CC1CC(C)C(OC1C#C)C1(OCCO1)C=O,0
CC1OC2(CO)OCC1(O)C21C(=O)CCC1=O,0
CC(O)C1C2CC(C1OCC#C)C(C)(C2)C=O,0
CC(OC(CO)C1(C)CC(CC1C)C#C)C#C,0
CCC1(O)C2OC2C2OCC3CC=CC3C12,0
CC(C)(O)CC(CC(O)CCC#C)C#C,0
CC1CCC2C(=O)COC(C1O)C21CC1,0
CC12CCCC(CCCC1)C1(O)COCC21O,0
CC1OCCC(=O)C(=O)CC1C1CCC(=O)C1,0
CC1CCC(O)C(O1)C1COC(C1)C(C)(C)C,0
CCC1OC(=O)C1C1=CCCC(C)(C)C1=O,0
CCC12CC(C3CC(C)C(=O)C13)C(=O)OCO2,0
CC(O)C1(C)C2C1C1(C)C(O)C2(C)OC1=O,0
CC12CC3C=CCOCC=C3C(O1)C2(C)C,0
CC(O)C1(CCO)OC2C(C)CCC2C1CO,0
CCOC(C)(CC)CC1C(=O)CCC1(O)CO,0
CC1CC(C)C2=C1OC1=C2OCCOC(C)C1,0
CCCOC1CC(C)COC2CC(C)CC12O,0
CC1C2C3C(CC1(O)CC2=O)C3(O)C#C,0
CC(C)OC12CC1(C(C)C=O)C(O)C(C)=C2,0
CC1(O)CC2(C)C=CS(=O)(=O)C#CC(=O)C=C12,0
CCC12CC(O1)(C(O)C#CC)S(=O)(=O)C=C2,0
CCC(C)C1C2C(O)C2C(C)C1CCC#C,0
CCC12C3C(C)=CC1OCCC23OC=O,0
CC(O)COC(=O)C(C(C)O)C(O)C(C)(C)O,0
CCC(O)C1=C(C)C2=C(C=O)C=C(C)SC2=C1,0
CCC12COCC(C)(CC1C)CCOC2,0
CC1(C)OC2(CC#C)OCCCC1OC2C#C,0
CC(C)C1(C)CC2COC3CC(C)CC3C1O2,0
CC1C(O)CC(C1C)C12CCCC(CO1)C2C,0
CC1C2CC3(CC12)OCC1COCC31O,0
CCC1=CCCC2OCC=CC2=C(C)C1=O,0
CC1OC(C)(C#C)C2=C1C1=C(O2)C(=O)CCO1,0
CC1C2C=C3COC(CCO)C(C)=CC3C12,0
CC1OCC2(C)C(CCC=O)C2(O)C1=O,0
CC1COC(C2CC12C=O)C1CCC=C1C,0
CC1=CC2COC3CC(=O)C(O3)C2C2OC12,0
CC1(C)C(=O)CC2OC1(C)C1OC2OC1C=O,0
CC1(OC=O)OCC2C1C1CCC2(C)CCO1,0
CC1CC2CC(C)OCC3CCC1C23,0
CCCC(CC)(CO)CC1OCOCCC1C,0
CCC1C(C)C(C)C(C)C(CC)(C#C)C1(C)C,0
CC1OC2OC(C)C1C(C)C(CO)C2CO,0
CC1CC=CS(=O)(=O)C(CC#C)S(=O)(=O)C1,0
CC1(C)CC2(CCC3=CSC=C23)C(C=O)C1=O,0
CCOC1CC(C)=CC#CC2CCC=C1C2,0
CC1OC2CCC(C#C)=C2C2(CC(O)C2)O1,0
CC(CCO)C1(OC2CC1C(O)CCC2)C#C,0
CCCOC1C2CC(CC(C)OC2)(C#C)C1O,0
CC1CCC=CC2=C1C(=O)C(C#C)S(=O)(=O)C2,0
CC1=CCC2OCC1(C#C)C1CCC3C1C23,0
CC1CC2C(C)=CC(=CC(CO)=C1)C2=O,0
CC1COCCCC(C2=CC=CS2)C1(O)CO,0
CC1OCC2CCC(=O)C3OCC23C1O,0
CCC1=CC(=O)COC2C=C(CO)C(=O)C12,0
CC1CCC(=O)OC2(CC(O1)C=C2C)C=O,0
CC1CC2CC1C1OC3COC3C(C)C=C21,0
CC1(CO)CC=C2C1(C)CCC(=O)S2(=O)=O,0
CC1(O)C=CCC2(CCOCC(O)=O)OC12,0
CC1C2OCCC1(COCCC=O)CCCO2,0
CC1C=C2CCCC(C)(OCC1O)C2=O,0
CC1C23COC11CC(O)C2CC3O1,0
CC12OCC=C(CO)C1(C=O)C1CCC=C21,0
CCC(C)C1C(O)(COC1(C)C(O)=O)C=O,0
CC1CC(CO)=C2C1C(O)CC21CC1,0
CC1=CCCC2(O)C3CCC(OC3)C2CC1,0
CCC1C2OC1C(=O)C(O)CC2C(C)=O,0
CCOC1C2CC2(COC=O)C=CC1C,0
CC1COC(=O)C2CC3OC(=O)CC3C1C2=O,0
CC1CCCC(C)(CCC(C)=O)C(C)CC1=O,0
CC(C)C1C(=O)C(C)COC(=O)C(=O)C1(C)O,0
CC1CCCC(=O)C(CCC(O1)C(O)=O)C=O,0
CC(CC#C)CC12CS(=O)(=O)C(CO)C1O2,0
CC1(C)CC(=O)C1C1(C)COCCC(=O)C1,0
CCCC12C(CC(C)=C1CO)C2OCC=O,0
BrC1=CC=C2OC3OC(C(C=O)C3C#C)C2=C1,0
CC1CC2C(O1)C1OCOC(C)C1(C)C2(C)O,0
CC1(O)C(O)C2OC1CCOC(CO)CCO2,0
CC1CC(=O)C(C)(C2(O)CCC12)S(C)(=O)=O,0
CC1C(C)(CO)C1(O)CC(C#C)C(O)=O,0
CC#CC1CC(C)(OCCO)S(=O)(=O)C(C)=C1,0
CC1C(O)CC(C(O)S1(=O)=O)S(=O)(=O)C#C,0
CCC(=O)C1CCOC1CC(C)(O)CC(O)=O,0
CCCCC1(C)CC(OC)C(O1)C(O)C(C)=O,0
CCOCCC1OC2(CCC#C)COCC1O2,0
CCC1(CCC2(CC2)CC1)C(C)CO,0
CC(O)C1(C(C)O)C2CC(CO2)C(=O)CC1O,0
CC1(O)C(CO)C2CC1C1(C)OCCC21CO,0
CC1=C(O)OC(=C1)C1(O)C2CCC1C(O2)C=O,0
CC1=CC(=O)C2OC1C(O)(CC21CC1)C#C,0
CC1CC2CC=C(C)C(C)C3OC1C23,0
CC1OC2(C)C=CCC1C2(C)C(O)S(C)(=O)=O,0
CC1(C)OC2CCC(O)(C2)C(C)(C)CC1C=O,0
CC1(CO)CCCC(O)C(O)(C#C)C(O)C1O,0
CCC#CC1COC(CO)(C1)OCC1CO1,0
CC(=O)C(=O)C(CC(O)=O)C1=CC(=CS1)C#C,0
CC1OC2C(C3COC3C(=O)S2(=O)=O)C1CO,0
CCC1CC1C1C(O)C2OC1C=CC2=O,0
CCCCC12OCC(C=O)=C1CCC2CO,0
CC1C2CCC1C(O)S(=O)(=O)C=CC(O)C=C2,0
CCC1C=CC2C=CCCOC12CCO,0
CC1C(O)CC2(O)C3C(=O)CC(OC3=O)C12O,0
CC1C2OC2C2C(CS(C)(=O)=O)OCC=C12,0
CCC1OC2CC1(C)C1(C2)OCOCC1CC,0
CCC1COC2CCCC2OC1C1(C)CC1,0
CC1C2CC(O)C(CC(C)(C)C2)C2=C1C=CS2,0
CC1CC2OCOC1C1(CCCC2OC1)C=O,0
CC1CCCC11C2C(CC(=O)C2CC1=O)C=O,0
CC1CC2OCC3C(CC=C3CO)C2C1C,0
CC1C2CC3=CC(O)CC4(CCOC14)C23,0
CC(O)C(C)OC1OC2COC1CCC2,0
CC(C)(C)C12COC(O1)C(=O)C(CO)C2,0
CC1C(=O)C(OC2=C1C(I)=COC2=O)C#C,0
CC(C)CC(O)C1(CC(OC1C)C(O)=O)C#C,0
CC1CC=C2COC3C(OC4CC34C)C12,0
CC1C2C1C1CC(C)=CCC11C2CCC1=O,0
CCC1(C)CC(O)C2(OCOC2=O)C1CCO,0
CCC1(C#C)C2CC(=O)C(=O)C2COCC1=O,0
CC1C2CC=CC1(C2=O)C1=CCOC1C=O,0
CCCCS(=O)(=O)C1OC2C3C=CC1C23O,0
CC1(OC=O)C(O)C2=C(C=CS2)C11CC1,0
CCOC1C=C2C(C)CC2(C(C)O)C1O,0
CCC1(CCCC(CCO)C(CO1)C=O)OC,0
CC1C(CCOC(=O)CO)COC(C#C)C1=O,0
CC1CC23COCC2C(=O)C3(C)C1=O,0
CCCC12OCC(O1)C1CCCC1C2OCC,0
CCC12CC11C(OC2)OC2CCC1C(C)C2,0
CCC12C3CC4C(C)S(=O)(=O)C(C1O)C4C23O,0
CC(O)C1CCC(=O)C1C(CO)C(C#C)C#C,0
CCC(=O)C1CC(C)(C#C)C(CC=O)O1,0
CCOC1CC(C)(CO)CCCC1(C)C(C)C,0
CCC(=O)CC1OC2(CCO)CC1OC2C=O,0
CC1CC2C3CC(C3)C(O)(CCO)C2C1,0
CCC(C)C1(CO)CC2CC(=O)CC(C)C12,0
C1C=C2CC3=CCCOC3CCC3C1C23,0
CC1C(C=O)C2(C)CC(O)C(CC#C)=C12,0
CC(C)C1C(CC(C)=O)OCC1C1COC1,0
CC(C)OCC1COC2(C)CC1(O)CCCO2,0
CC1=C2CCCC22OCC2(C=O)C1(C)CO,0
CCC1CCC(=O)C(=O)C2CC1CC(=O)C2O,0
CC12CC(O)CCOC11CCC1OCC2O,0
CC1=C(O)OC(=C1)C12C(C=CS1(=O)=O)C2(C)C,0
CCOCC1(O)CC2(C1)CC(=O)CC2C,0
CC1=C(CO)C2CS(=O)(=O)C1(C#C)C21CCO1,0
CC1C2C(C)C(O)C(C)(C)S(=O)(=O)COC12C,0
CCC1=C2CC=C3CC(CC)(C23)C(=O)OC1,0
CC1(OC(C)(C=C1)C(O)(CO)CC=O)C=O,0
CC1C2CCC1(C)CC1(C)CC(C)(C)C2(C)O1,0
CC1(CS(=O)(=O)C(=O)C1(C=O)C=O)C(O)=O,0
CC1COCC(C)(O)CCC(CC(C)=O)C1=O,0
CC(C)C1OCCC1C(C)C1CC(=O)OC1C,0
CCCC1=CC(O)CC(C)=CC1OCC,0
CCC1CS(=O)(=O)C2CC3=C(CC(=O)C3)C2=C1,0
CC1=CC(CC1=O)C12CCOCC1C2(C)C,0
CC1C2C3OC3(CCO)C1C1CCCC2C1,0
CC1OC2OC3CC(C3)C(C(C)=O)=C1C=C2,0
CCC1CCC(CC)C2=C(C1)C=C(C)OC2=O,0
CC(C)(CO)C1=C2COC(C)(C)C2S(=O)(=O)C1,0
CC1C2CC3CCCC(C3)C1OC1CC2C1,0
CC1COC2OC3C4OC4C22C3C12,0
CC(O)C1(CCOC1OC(CO)C=O)C(O)=O,0
CC1(C)CCC2=CSC3=C2C(=CC=C3)C1C#C,0
CC1CC2CC1C1C3CC3C(CC=C21)C#C,0
CC1COC2(C)C(OC(=O)C2CCC(O)=O)O1,0
CC12CCC(=O)C11CCCC1CC(C)(C2)C=O,0
CCC(C(=O)C(=O)CC(=O)C#C)C(C)(O)C#C,0
CC1OC2C(C(C)C(O)(CO)C2(C)O)C1(C)O,0
CCCC(O)CC1(CO)C2COC1OC(=O)O2,0
CC1OCC(CC2C3CCCOCC23)C=C1,0
CCC1=CC(C)OC2(C)CC(C)(O)C12C,0
CC(CO)C1OC(CC1COC=O)(C=O)C=O,0
CC1(O)CC=CC=CC1=O,0
CC1COC2(C=CC3OCCC3C2O)C=C1,0
CC(C)OCC1(C)OCC(O)C(=O)C(C)C1O,0
CCC1C(CO)C2OC3C2C1C=CC=C3C,0
CC(C)C1(CC(=O)CC1=O)C(=O)COCC=O,0
CCC(C)C1(OC(=O)C(=O)OC1(C)C=O)C#C,0
CCOC1(OC(=O)CC2COCC2C1C)C#C,0
CC12CCC(CCC(=O)C(C)(C)CCC1)C2=O,0
CCC1C(C)C2(COC(C)=O)COC1C2CC,0
CCC(O)C(OC)C(O)CCC(CCO)OC,0
CC(CC12CC1C(C)C(O2)C#C)S(O)(=O)=O,0
CCC1(CCC2(C)CC1(O)CC2O)OC=O,0
CCC1C2(C)CS(=O)(=O)COC(=O)OC12C=O,0
CC#CCC1C2CCC(C=C2)C11OC1C,0
CCC12COC(C1)C(CCOC)C2(O)C(O)=O,0
CC1CC11CC(CC=C1S(O)(=O)=O)C(C)=O,0
CC1CC2(OCC1(C2C#C)C(O)=O)C(O)CO,0
CC1CC2C=C1CCC1=C(C)OC(=C1)C=C2,0
CC1=CC=C(CC(C)(CCO)C(C)(O)C#C)O1,0
CC1CC2C(=O)CC1CC(CO)C2(C=O)C#C,0
CC1C2CC1OC1(COC(CO)C=C1)O2,0
CC(CC1=C(COC1C)C=O)C(O)CCO,0
CC12CCC3OC4COC5CCC(=O)C13C245,0
CCC1OCC(=CS(=O)(=O)CC1(C)CO)C#C,0
CCOC(C#C)C1CC2(CO)CCC1C(=O)C2,0
CC12C(C=O)C=CC1C=CCOC2C=O,0
CC#CC1C(O)C2CC(O)(CO2)CS1(=O)=O,0
CC(COC=O)(OCC1(C)CC1(C)C)C=O,0
CC1(O)COC2C(C1)C1CC(O)C(CO)C2O1,0
CC(O)CCC1(OC(C)=O)C(C)C1O,0
CC1CC=C(CCC1OCC#CC=O)C=O,0
CC1C2OCC(O)C1C1=C(C)OC(=O)C(Br)=C21,0
CC1OC11COCC11OCC(C1C)S(C)(=O)=O,0
CC1OC2C(O)C(C2O)C(O)C2CCC=C12,0
CCC(C)C1(C)CCC(O)C(C)C(C)(O1)C=O,0
CCC1C(C=O)C(CC#C)CCCC1C(C)=O,0
CC(O)(C1(O)CC1C1=CC(=O)CC1)S(O)(=O)=O,0
CCCC1(CC(C)C(C)C=C1)C(C)(C)C#C,0
CC1C2CCC3CC(OCC1C=O)C23C#C,0
CC1=CCC2C(CC=O)C1C1=C2CCCC1,0
CC#CC12C3CC=CC1(O)CC=CC(C)C23,0
CC1OCC2=CC3CC3CCC2CC1C#C,0
CC12COC3(C)C1C2OCC(=O)C3=O,0
CC1CC11C=C(C)C2CC1=CC=CC(O)C2,0
CC1CCC2CS(=O)(=O)CC2(CC(C)=C1)C=O,0
CC(CO)C1C2CCC(COC2CO)C1=O,0
CC1CCCC23C4C5=CC12S(=O)(=O)CC34C=C5,0
CC12OCC=C3COCC11COCC(=O)C231,0
CCC(C)(C)C1CCC(O)CCC1C(=O)CO,0
CC(CC1CC2(O)C(CC(C)=C2C)=C1)C#C,0
CCOC1COCC11COCC(O)COCO1,0
CC(=O)OCC1CCCOC1(C)C(C)(O)C=O,0
CCC1CC=C2C3CCOC3C(COC)C12,0
CC(C)CC(C)C1(C)C2CC(C#C)C1C(C)O2,0
CC1(C=CCCC(O)(CCO)CC#C1)C#C,0
CC1C(O)C(O)C2CC22COCCC12C,0
CC1C2OCC(O2)C(C2CCOC2(C)C)C1O,0
CCC1(CC1)C1=CC2OC1OC2(CC)C=O,0
CCOC1CC(O)C(CC1CC)C(C#C)C#C,0
CC1C=C2C(C(C)C=CC2=O)C1(O)CO,0
CC1OC2C(O)C3=COC(=O)C=C3C2O1,0
CC1=CS(=O)(=O)C(O)C2OC(C=O)C2C=C1,0
CC1CC23CC(=O)C2OCCC(C)(O)C3=C1,0
CC1CC2(CC=O)CC(C1C#C)C(C)CCO2,0
CC1CC(CO)C(=O)C(C1C#C)C(C)(O)CO,0
CC(C)CC1C2CC(CC2O)C1(C)C(C)C=O,0
CCC(O)CC1CC(C)C1(CS(C)(=O)=O)OC,0
CC12CC=CCC1C(CC#C)C=CCCC2,0
CCC1C(C)C2(OC)C=CCC2C(O)C1=O,0
CC1C=CC2C1OCC1(C)CC2(O1)C=O,0
CCCCC1(CC(C)(OC1C)C(=O)C=O)OC,0
CC1C2OC1(C)C1C=CC(CO)C1=C2CO,0
CCC(CCO)C(CO)(CCO)C(CO)C=O,0
CC(=O)OC1C2CC1CC(C2)C(O)CC=O,0
CC1C2OCC(C)C3C(O)C(CC3C12)C#C,0
CC12COC(OC1)C1(CC(O)(C#C)C1O)O2,0
CC(O)C12C3OC(=O)C1=CC1CC(C)C3C21,0
CCC1OC2C(=C1)C1C(OC2=O)C1(C)O,0
CC(C)OC1(C)C(O)CCC(C)C11COCO1,0
CCC(=O)OC1CC(CC(C)O1)OC(C)C,0
CC(O)C(O)C1(CO1)C1(CO)OC1C,0
CC1C2OC(C3=CC4CC(O4)C23C)S1(=O)=O,0
CCC1C=CCC2C3C(=O)C(C)C(C)C123,0
CC(O)CC1C=CC(C)(CCO)C2(O)CC12,0
CC1C2C(O)CC1(C)OC2CC(C)(CO)CO,0
CCC(C)(CO)CC1OC(=O)CC1(O)COC,0
CCCC1OCOCC11CCCC(CC)C1C,0
CC12C=CC(C#C)C3=C(CC1C23)C(O)=O,0
CC1C(=O)C(CO)C23CC12OC(C)(C)C3C,0
CC#CC12OC1(C)C(C)(O)C(C)=C(C)C2=O,0
CC12CC(C=O)C(O1)C(O)C(CCC#C)C2O,0
CCCC(O)C1CC2(C)C(CCO)C2CO1,0
CC1OCOC(=O)C2(CO)COC1(CCO)C2,0
CC(C=O)C12C3C=CC(=CC4COC1C4)C23,0
CCC(O)C1CC2COC(O1)C2(O)C(C)C=O,0
CCC1(C)CCC2(C)OC1C1=C(SC=C21)C#C,0
CC1C2C=CC(=O)CCC(C=O)C12OC=O,0
CCCOC12CC(C)C(CC1C=O)C(O)C2=O,0
CC(O)C1(O)C(O)CCOC(CC(C)=O)C1O,0
CCC1C2(C)CC=CC12C1(O)CCCOC1,0
CC1=CC(C)(CC(OCC1O)C#C)S(O)(=O)=O,0
CCC1(O)C2OC(=O)C2C2C(OCC12)C#C,0
CC(CC1C(O)CC(C)(O)C1CO)OCC#C,0
CC#CC1=CCC2=C3CC(C)C4C(OC12)C34,0
CCC1C(C)=CCC(C)(O)C11CCC(C)C1,0
CC(C=O)C1(C=O)C(C)OC(=O)C1OC(C)=O,0
CC1C(=O)CC=CC2(O)C3CCCC123,0
CC1C2C(O)C2OCOC2=CC=C(I)C=C12,0
CC1CC=CCOC2C(C=O)C2(C)C#C1,0
CC(CCC1=C(C)OC(=C1)C(O)C(C)=O)C=O,0
CC1CC(OC(CO)C#C)(OCC1O)C(C)=O,0
CC12CCC1C(CC2O)C1CC(=O)C=C1,0
CCC1=C2C=C(CC2=O)C(=O)OC=CC(C)=C1,0
CC1COC2(C)C1C21CC(C=C1)S(O)(=O)=O,0
CC1OC(C)(CS(=O)(=O)C#C)C2CC1O2,0
CC1OC2OCC(O)(CC3C1C3(C)C)C=C2,0
CC(OCC#C)C(=O)COCC1(O)CCCC1,0
CC1CCC2COC1C1OCC(O1)C(=O)C2,0
CCC1OC(=O)C(C=O)C(C1C#C)C(C)(C)C,0
CC1CC2C3=C(CC2(O)CO1)C(CO)OC3,0
CC1=CCC=CC2CCC(C)(C)C2(O)C1,0
CC1(CC#C)OC(=O)OCC(=O)CCC1=O,0
CC1(O)CC=CC2(CC2)C(C)(C)S(=O)(=O)C1O,0
CC1CC(=CC(=O)C=C1C#C)C#CC(O)=O,0
CC1=CCC2C=CC1C1OC1CC=CS2(=O)=O,0
CCC12CCC3OC4CC=C(C4C13)C(=O)O2,0
CC1=CC(C)=CCC2(C#C)C(CC2(C)O)C1,0
CCC1CC2OC(C)(C)C(O)(C#C)C2C=C1,0
CC(C)(C)OC12CCC(O)C(O1)S(=O)(=O)C=C2,0
CCC1OC(=O)CC2C(O)C1C2C=O,0
CCC(C)C1(O)COCCCCC#CC1,0
CC#CC(C)(C)C1OC(CCO)C1(C)C,0
CCCC1C2OC(C2O)C11CCC(=O)OC1,0
CCCC1(OC2(C)CC2C1C)C#CS(O)(=O)=O,0
CC1OC2CC1C#CC(O)COCS2(=O)=O,0
CCC1=CSC(=C1)C1=C(CC)C(O)C(=O)C1,0
CC1C2CC3C(C)CCC(C)=C1C1C2C31O,0
CCC1C(O)C2(OC2C1=O)C(C)C(=O)OC,0
CC1=C(OC(=O)C(Br)=C1)C1=C(O)OC(=C1)C#C,0
CCC1CCC2C(OC(C)C2C1=O)C(=O)C#C,0
CC1(C)C2C3OC3C1(O)C(C)(CC2O)C#C,0
CC1=CCC2=CC(O)(C(O)C2)C(O)C#C1,0
CCC1C=CC#CC2CC2(OC)C=C1C#C,0
CC1C=C(C)CC2CCC(=C2)C1C(O)=O,0
CC(O)C1CCC2(O1)C(C)CC(O)C(C)C2=O,0
CCC12CCCC(CO1)(C2O)C1=CSC(=O)S1,0
CC1C(O)C2OC1(C)C1OCC(C)(O)CC21C,0
CC1CC2CC(O)C1C1=CCOCOC21,0
CCC1(C)CC2C(=O)C3COCC23CO1,0
CC(C#C)C(C)(C=O)C1OCC(=O)C1OC=O,0
CCC(C=O)C1=COC(CCO)=C(C#C)C1=O,0
CCC1(C)C(O)C2CC(C=O)C(C2C=O)C1O,0
CCC(O)C1C2CC=C(C)C1(C#C)C1CC21,0
CC(O)C1(O)CC2=C(C=CS2)C2(C)CCCC12,0
CC1C2COC1(C#C)C1(C)OC1C(C)CO2,0
CCC1OC2C(CC(C)OC2=O)C1CO,0
CC(C)C1C=CCC(OC(=O)C2CC2)S1(=O)=O,0
CC1C2OC(C3COC(C(O)C#C)C23)C1C=O,0
CC1OC2C=CCOC3CC3C1OCC2O,0
CCOC1(C)CCOC2C1C1OCCC21O,0
CCC(O)C1=C(C=C(S1)C(O)(C=O)C=O)C#C,0
CC1(C)COC2C1(CS2(=O)=O)C(O)C#C,0
CC1OC(C)C23C(OCCCC2C=O)C13,0
CC1C2(C)OCC(C)C2(C)C11CCCC1,0
CC(C#C)S(=O)(=O)C(O)C1OC1CC(C)=O,0
CC(=O)CC(=O)C#CC(O)C(CO)OC=O,0
CC12C=CC3=C(COC4CCC1(O)C234)C#C,0
CC1C(OC2CC2C2=C1CS(=O)(=O)C2O)C#C,0
CC(COC1OCC(OC=O)C1C)CC(O)=O,0
CC1(C)CC=C(CC2CC2(CO)S(C)(=O)=O)C1,0
CC12C(CC1C(CC=CC2=O)C=O)C#C,0
CCC1CC(C1)C1=C(CO)COCC1C,0
CCC1(CO)COC2COC3OCC(O1)C23,0
CCC(O)CC(CC)CC1(CCCO1)C(C)C,0
CC#CC1(CC2CC(C2)C1=O)C(C)(C)O,0
CC1CC(C(O)CC(C)(C)C#C)C(C)(C1)C#C,0
CC1(C)CC2CCC(C#C)C2(O)C(C)(C1)C=O,0
CCC12CC(CC1C1(CC1)C#C)CC=CC2,0
CC1CC(CO)C2(CCOC12)C1(O)CCCC1,0
CC(C12CCCC1C2(C)C=O)S(=O)(=O)CO,0
CC1CC2CC1C1(CC1C#CCC#C)O2,0
CC(C=O)C(=O)CC1(CC2CC1(O)C2)C=O,0
CC12CCCC(O)(C(O)CC1O)C2COC=O,0
CC1OCC2=CC(CS(=O)(=O)C(C)(O)C=C2)O1,0
CC1(C)OC(CO)C(CC2CO2)O1,0
CC12OCC1C1CC=C(C3=COC=C3)C1=C2,0
CC12CC1C1(O)CC3OC(CC1(O)C2)C=C3,0
CCC1(CC(=O)CCOC1C(C)O)OC(C)C,0
CC12C3OC3CC(OCC1O)C1=C2OC=C1,0
CC1OC(OCC1C(C)(C)O)C1=CC=C(C)O1,0
CCC1CCCOC2C(CC(C#C)=C2C)C1,0
CC(OC12CC(C1)S(=O)(=O)C(O)CC2C)C#C,0
CC1=CCC23CCC22OCCC2=CC13O,0
CCC(C#C)C(O)C12OCCC(C=C1)C2O,0
CC1CC2OCC(O1)C1=C2OC(C(C)=O)=C1C,0
CCOCC12COCC1C(=O)C(C)C2(O)C#C,0
CC12CC(=O)C(CCS(O)(=O)=O)C1(O)C2CO,0
CC(C)(O)C(=O)CCC1C(O)CC(C)(C)C1O,0
CCOC1=CSC2=C1C1C3OC3CC2C1O,0
CC#CC1=C(C(C)COCC=C1)C(O)=O,0
CCOC12CCCC=CC(=CC1O)C2OC,0
CCC1(C)OCC2OC2(C)C(C)=C1S(O)(=O)=O,0
CC1C2CC(C3CC(O)CCC(C)C23)S1(=O)=O,0
CC1CCCOC11CC(CCO)C(C)(CO)C1,0
CCOC(C1COCOC1)C(C)(C=O)C(C)O,0
CCC1CC2(CC)OC1CC1CCOC2OC1,0
CC1=C(C)C2OCC(O2)C2(CO)OCC12,0
CC(O)C12C=C(C#C)C3OC1CC23,0
CC1COC2CC12C1=C(SC=C1C)C=O,0
CC1CC(O)C2OC1CC1CC(C)(C)C2CO1,0
CC1(C)C=C2CC1COCOCCCC=C2,0
CCC1OC(C)C=C(C)C2(O)C(=O)CC12C,0
CCCCCOC(COC)C(OCC)C(C)O,0
CC1=C(C)C2(O)CC1OCC(O)C=C(C)C2,0
CC1OCCC2(C)CCOCCC(O2)C1(C)C,0
CC1C2C1C1C=CCC2COC11CCC=C1,0
CCC12CCC11C(CC(O)C=C1C)=CC2,0
CC1=CC2=CC(CC#C)S(=O)(=O)CC2C1=O,0
CCC1=CC=COC=CC(=C1)S(=O)(=O)CC,0
CC1=C2C(CC(O)C2(C)O)CC(=O)C1,0
CCC1(C)COC(C)(C)C(C)(CCCOC)O1,0
CC(C)C(C)CC1(CO)C2OC(C)C1CCO2,0
CC(C)(O)C1=CC2CC1CC1(CC1)CO2,0
CC1CC(O)CC(OCO1)C1COC(=O)OC1,0
CCC12COC3(CC3)C1(CC(=O)C2=O)C=O,0
CCC(=O)C1OCC2(C)C(CC(=O)C2O1)OC,0
CCCC(=O)C12CC(=O)C(O)(CC1COC)C2,0
CCC1=C(O)S(=O)(=O)C(C(O)C=O)=C(CC)S1,0
CC(C(O)=O)C1=C(CC(C)(C1)S(O)(=O)=O)C=O,0
CC1C(O)C2(CO)C(=O)C1C1C(O)C21CO,0
CCC1CC(C)C(CC(C#C)C(C)(C)C1)C=O,0
CC12CS(=O)(=O)C1C1CCC(O)(CO)C1(C)O2,0
CCC(C)C1C2CCCOC2(CO)CCC1=O,0
CC(O)CC1(O)C=C(C)CC2CC1C2=O,0
CC#CCC1=CCOC1(COC1CC1)C#C,0
C=C1CCC(OC1OC=O)C1CO1,0
CC1OC(=O)CCC23CC(=O)OC12CCCO3,0
CC1=CCC2C1C1(CC1(C)C)C(C)(C)S2(=O)=O,0
CC1C2=C(CO)C(CS1(=O)=O)OCCCC2,0
