Unnamed: 0,Drug_ID,smiles,Y
461,1-[4-[(2R)-3-(dipropylamino)-2-hydroxypropoxy]phenyl]-3-phenylpropan-1-one,CCCN(CCC)C[C@@H](O)COc1ccc(C(=O)CCc2ccccc2)cc1,1
167,"2-[(2R)-2-methyl-5-oxo-4,4-diphenylimidazolidin-1-yl]aceticacid",C[C@@H]1NC(c2ccccc2)(c2ccccc2)C(=O)N1CC(=O)O,0
85,"1,2-dimethoxy-3-[(2-phenethylphenoxy)methyl]benzene",COc1cccc(COc2ccccc2CCc2ccccc2)c1OC,1
832,LY335984,O[C@@H](COc1cccc2ncccc12)CN1CCN(C2c3ccccc3C3C(c4ccccc42)C3(Cl)Cl)CC1,1
346,"N-{2-[({1-[2-(3,4-dimethoxyphenyl)ethyl]pyrrolidin-2-yl}methyl)carbamoyl]phenyl}quinoline-3-carboxamide",COC(=O)/C=C/c1ccc(-c2nc(-c3ccc(N(C)C)cc3)c(-c3ccc(N)cc3)[nH]2)cc1,1
306,"N-[2-[(2R)-6,7-dimethoxy-3,4-dihydro-1H-isoquinolin-2-yl]ethyl]-2-[(4-phenoxybenzoyl)amino]benzamide",COc1cc2c(cc1OC)CN(CCNC(=O)c1ccccc1NC(=O)c1ccc(Oc3ccccc3)cc1)CC2,1
731,"2-benzamido-N-[4-[2-[(2R)-6,7-dimethoxy-3,4-dihydro-1H-isoquinolin-2-yl]ethyl]phenyl]benzamide",COc1cc2c(cc1OC)CN(CCc1ccc(NC(=O)c3ccccc3NC(=O)c3ccccc3)cc1)CC2,1
289,Ornidazole,Cc1ncc([N+](=O)[O-])n1C[C@H](O)CCl,0
694,"(2S,5R,10R,11S)-5-benzyl-10-heptyl-4,11-dimethyl-2-propan-2-yl-1,9-dioxa-4-azacyclododecane-3,8,12-trione",CCCCCCC[C@H]1OC(=O)CC[C@H](Cc2ccccc2)N(C)C(=O)[C@H](C(C)C)OC(=O)[C@H]1C,1
226,Triiodothyronine,N[C@H](Cc1cc(I)c(Oc2ccc(O)c(I)c2)c(I)c1)C(=O)O,0
417,"N-[2-[[4-[2-[(2R)-6,7-dimethoxy-3,4-dihydro-1H-isoquinolin-2-yl]ethyl]phenyl]carbamoyl]phenyl]naphthalene-1-carboxamide",COc1cc2c(cc1OC)CN(CCc1ccc(NC(=O)c3ccccc3NC(=O)c3cccc4ccccc34)cc1)CC2,1
25,Selegiline,C#CCN(C)[C@@H](C)Cc1ccccc1,0
51,Triamcinolone,C[C@]12C=CC(=O)C=C1CC[C@H]1[C@@H]3C[C@H](O)[C@@](O)(C(=O)CO)[C@]3(C)C[C@H](O)[C@]12F,0
189,1-[2-[(2S)-2-hydroxy-3-morpholin-4-ylpropoxy]phenyl]propan-1-one,CCC(=O)c1ccccc1OC[C@@H](O)CN1CCOCC1,0
818,1-(4-fluorophenyl)-4-[2-[2-[2-(3-methoxyphenyl)ethyl]phenoxy]ethyl]piperazine,COc1cccc(CCc2ccccc2OCCN2CCN(c3ccc(F)cc3)CC2)c1,1
543,3-phenyl-1-[2-(3-piperidin-1-ylpropoxy)phenyl]propan-1-one,O=C(CCc1ccccc1)c1ccccc1OCCCN1CCCCC1,1
298,Vincamine,CC[C@@]12CCCN3CCc4c(n(c5ccccc45)[C@@](O)(C(=O)OC)C1)[C@@H]32,0
182,Nelfinavir,Cc1c(O)cccc1C(=O)N[C@@H](CSc1ccccc1)[C@H](O)CN1C[C@H]2CCCC[C@H]2C[C@H]1C(=O)NC(C)(C)C,1
107,1-[3-[(2R)-3-[4-(4-fluorophenyl)piperazin-1-yl]-2-hydroxypropoxy]phenyl]ethanone,CC(=O)c1cccc(OC[C@H](O)CN2CCN(c3ccc(F)cc3)CC2)c1,1
138,Clebopride,COc1cc(N)c(Cl)cc1C(=O)NC1CCN(Cc2ccccc2)CC1,0
34,Drofenine,CCN(CC)CCOC(=O)[C@@H](c1ccccc1)C1CCCCC1,0
84,3-phenyl-1-[2-(7-piperidin-1-ylheptoxy)phenyl]propan-1-one,O=C(CCc1ccccc1)c1ccccc1OCCCCCCCN1CCCCC1,1
676,Mebeverine,CCN(CCCCOC(=O)c1ccc(OC)c(OC)c1)[C@@H](C)Cc1ccc(OC)cc1,0
330,"methyl 3-(4-{4,5-bis[4-(methylamino)phenyl]imidazol-2-yl}phenyl)prop-2-enoate",CNc1ccc(-c2nc(-c3ccc(/C=C/C(=O)OC)cc3)[nH]c2-c2ccc(NC)cc2)cc1,1
473,dimethylbis(hydroxymethyl)-diphenylBLAHdicarboxylate,COC(=O)N1[C@H]2C3[C@H]4N(C(=O)OC)[C@@H]5C([C@@H](c6ccccc6)C24CO)[C@H]1C5(CO)[C@H]3c1ccccc1,1
215,Tetrahydrozoline,c1ccc2c(c1)CCC[C@@H]2C1=NCCN1,0
806,"2-[(4-bromobenzoyl)amino]-N-[2-[(2S)-6,7-dimethoxy-3,4-dihydro-1H-isoquinolin-2-yl]ethyl]benzamide",COc1cc2c(cc1OC)CN(CCNC(=O)c1ccccc1NC(=O)c1ccc(Br)cc1)CC2,1
316,Nebramycin,NC[C@@H]1O[C@H](O[C@H]2C(O)[C@H](O[C@H]3O[C@@H](CO)[C@H](O)[C@H](N)[C@@H]3O)[C@@H](N)C[C@@H]2N)[C@@H](N)C[C@H]1O,0
242,Nordazepam,O=C1CN=C(c2ccccc2)c2cc(Cl)ccc2N1,0
57,Isosorbide,O=[N+]([O-])O[C@H]1CO[C@H]2[C@@H](O[N+](=O)[O-])CO[C@@H]12,0
236,Rescinnamine,COC(=O)[C@@H]1[C@H]2C[C@@H]3c4[nH]c5cc(OC)ccc5c4CCN3C[C@@H]2C[C@@H](OC(=O)/C=C/c2cc(OC)c(OC)c(OC)c2)[C@H]1OC,1
537,Norethindrone,C#C[C@]1(O)CC[C@@H]2[C@@H]3CCC4=CC(=O)CC[C@H]4[C@H]3CC[C@]21C,0
736,Fenoterol,C[C@H](Cc1ccc(O)cc1)NC[C@H](O)c1cc(O)cc(O)c1,1
579,"N-[4-[2-[(2R)-6,7-dimethoxy-3,4-dihydro-1H-isoquinolin-2-yl]ethyl]phenyl]isoquinoline-3-carboxamide",COc1cc2c(cc1OC)CN(CCc1ccc(NC(=O)c3cc4ccccc4cn3)cc1)CC2,1
177,"N-[2-[2-[(2R)-6,7-dimethoxy-3,4-dihydro-1H-isoquinolin-2-yl]ethylcarbamoyl]phenyl]quinoline-2-carboxamide",COc1cc2c(cc1OC)CN(CCNC(=O)c1ccccc1NC(=O)c1ccc3ccccc3n1)CC2,1
793,Niguldipine,COC(=O)C1=C(C)NC(C)=C(C(=O)OCCCN2CCC(c3ccccc3)(c3ccccc3)CC2)[C@H]1c1cccc([N+](=O)[O-])c1,1
557,"6-phenylpteridine-2,4,7-triamine",Nc1nc(N)c2nc(-c3ccccc3)c(N)nc2n1,0
9,"3-methoxy-N-[(3,4,5-trimethoxyphenyl)methyl]propan-1-amine",COCCCNCc1cc(OC)c(OC)c(OC)c1,0
56,Lidoflazine,Cc1cccc(C)c1NC(=O)CN1CCN(CCCC(c2ccc(F)cc2)c2ccc(F)cc2)CC1,0
396,Cefaclor,N[C@@H](C(=O)N[C@@H]1C(=O)N2C(C(=O)O)=C(Cl)CS[C@H]12)c1ccccc1,0
831,LY335979(Zosuquidar),O[C@H](COc1cccc2ncccc12)CN1CCN(C2c3ccccc3[C@H]3[C@H](c4ccccc42)C3(F)F)CC1,1
468,Harman,Cc1nccc2c1[nH]c1ccccc12,0
486,Pheniramine,CNCC[C@H](c1ccccc1)c1ccccn1,0
593,"1-[4-[[(7R,8S,9S,10R,13R,14S,17R)-17-acetyl-10,13-dimethyl-3-oxo-1,2,6,7,8,9,11,12,14,15,16,17-dodecahydrocyclopenta[a]phenanthren-7-yl]sulfanyl]phenyl]-3-[(1R)-1-phenylethyl]urea",CC(=O)[C@@H]1CC[C@@H]2[C@H]3[C@H](CC[C@@]12C)[C@@]1(C)CCC(=O)C=C1C[C@H]3Sc1ccc(NC(=O)N[C@H](C)c2ccccc2)cc1,1
582,Ethionamide,CCc1cc(C(N)=S)ccn1,0
54,Chlorzoxazone,O=c1[nH]c2cc(Cl)ccc2o1,0
369,"2-[(2R,3R)-3-(3,4-dimethoxyphenyl)-2-(hydroxymethyl)-2,3-dihydro-1,4-benzodioxin-6-yl]-5-hydroxy-3,7-dimethoxychromen-4-one",COc1cc(O)c2c(=O)c(OC)c(-c3ccc4c(c3)O[C@H](c3ccc(OC)c(OC)c3)[C@@H](CO)O4)oc2c1,1
102,1-[3-[(2S)-2-hydroxy-3-[4-(2-methylphenyl)piperazin-1-yl]propoxy]phenyl]ethanone,CC(=O)c1cccc(OC[C@@H](O)CN2CCN(c3ccccc3C)CC2)c1,1
480,"N-[2-[[4-[2-[(2R)-6,7-dimethoxy-3,4-dihydro-1H-isoquinolin-2-yl]ethyl]phenyl]carbamoyl]phenyl]-1-benzofuran-2-carboxamide",COc1cc2c(cc1OC)CN(CCc1ccc(NC(=O)c3ccccc3NC(=O)c3cc4ccccc4o3)cc1)CC2,1
79,"1-[[(2R,3R)-3-benzyl-2,3-dihydro-1-benzofuran-2-yl]methyl]piperidine",c1ccc(C[C@@H]2c3ccccc3O[C@H]2CN2CCCCC2)cc1,1
470,Syrosingopine,CCOC(=O)Oc1c(OC)cc(C(=O)O[C@@H]2C[C@@H]3CN4CCc5c([nH]c6cc(OC)ccc56)[C@H]4C[C@@H]3[C@@H](C(=O)OC)[C@@H]2OC)cc1OC,0
281,"(1R)-1-methyl-1,2,3,4-tetrahydroisoquinoline-6,7-diol",C[C@H]1NCCc2cc(O)c(O)cc21,0
292,Etanidazole,O=C(Cn1ccnc1[N+](=O)[O-])NCCO,0
757,Geshoidin,O=C1OCc2cc3cccc(O[C@@H]4O[C@H](CO)[C@@H](O)[C@@H](O)[C@@H]4O)c3c(O)c21,0
418,Caffeine,Cn1c(=O)c2c(ncn2C)n(C)c1=O,0
768,Trimetozine,COc1cc(C(=O)N2CCOCC2)cc(OC)c1OC,0
698,"(5S,6R,10R,11S)-5-benzyl-10-heptyl-6-(methoxymethoxy)-2,2,4,11-tetramethyl-1,9-dioxa-4-azacyclododecane-3,8,12-trione",CCCCCCC[C@H]1OC(=O)C[C@@H](OCOC)[C@H](Cc2ccccc2)N(C)C(=O)C(C)(C)OC(=O)[C@H]1C,1
709,"(5S,6R,10R,11S)-5-benzyl-10-butyl-6-hydroxy-4,11-dimethyl-1,9-dioxa-4-azacyclododecane-3,8,12-trione",CC(C)[C@@H]1OC(=O)[C@@H](C)[C@@H](C)OC(=O)C[C@@H](O)[C@H](Cc2ccccc2)N(C)C1=O,1
688,Loratadine,CCOC(=O)N1CCC(=C2c3ccc(Cl)cc3CCc3cccnc32)CC1,1
352,"4-{5-[4-(dimethylamino)phenyl]-2-[4-(4-methoxybutyl)phenyl]imidazol-4-yl}-N,N-dimethylaniline",COCCCCc1ccc(-c2nc(-c3ccc(N(C)C)cc3)c(-c3ccc(N(C)C)cc3)[nH]2)cc1,1
183,Zomepirac,Cc1cc(CC(=O)O)n(C)c1C(=O)c1ccc(Cl)cc1,0
257,Mirex,ClC1(Cl)C2(Cl)C3(Cl)C4(Cl)C(Cl)(Cl)C5(Cl)C3(Cl)C1(Cl)C5(Cl)C24Cl,0
11,Etifenin,CCc1cccc(CC)c1NC(=O)CN(CC(=O)O)CC(=O)O,0
81,1-phenethyl-2-phenylmethoxybenzene,c1ccc(CCc2ccccc2OCc2ccccc2)cc1,0
38,D-617,CNCCC[C@](C#N)(c1ccc(OC)c(OC)c1)C(C)C,0
98,"1-[2-[(2S)-3-[4-(2,3-dimethylphenyl)piperazin-1-yl]-2-hydroxypropoxy]phenyl]ethanone",CC(=O)c1ccccc1OC[C@@H](O)CN1CCN(c2cccc(C)c2C)CC1,1
255,(1R)-1-[2-[(2S)-3-[di(propan-2-yl)amino]-2-hydroxypropoxy]phenyl]-3-phenylpropan-1-ol,CC(C)N(C[C@H](O)COc1ccccc1[C@H](O)CCc1ccccc1)C(C)C,1
638,"N-[2-[(3-acetyl-2,4,6-trimethylphenyl)methylsulfanyl]-1,3-benzothiazol-6-yl]naphthalene-1-carboxamide",CC(=O)c1c(C)cc(C)c(CSc2nc3ccc(NC(=O)c4cccc5ccccc45)cc3s2)c1C,1
481,Ofloxacin,C[C@H]1COc2c(N3CCN(C)CC3)c(F)cc3c(=O)c(C(=O)O)cn1c23,0
789,Methysergide,CC[C@@H](CO)NC(=O)[C@H]1C=C2c3cccc4c3c(cn4C)C[C@@H]2N(C)C1,0
412,1-[2-[(2R)-2-hydroxy-3-(propan-2-ylamino)propoxy]-5-phenoxyphenyl]-3-phenylpropan-1-one,CC(C)NC[C@@H](O)COc1ccc(Oc2ccccc2)cc1C(=O)CCc1ccccc1,1
686,4-[(2R)-2-hydroxy-3-piperidin-1-ylpropoxy]-3-methylideneinden-1-one,C=C1CC(=O)c2cccc(OC[C@H](O)CN3CCCCC3)c21,1
221,10-(3-piperidin-1-ylpropyl)acridin-10-ium-9-one,O=c1c2ccccc2n(CCCN2CCCCC2)c2ccccc12,1
165,Lovastatin Lactone,CC[C@@H](C)C(=O)O[C@@H]1C[C@H](C)C=C2C=C[C@H](C)[C@H](CC[C@H]3C[C@H](O)CC(=O)O3)[C@H]21,1
360,1-[2-[(3R)-3-hydroxy-4-[4-(2-methylphenyl)piperazin-1-yl]butoxy]-5-methoxyphenyl]-3-phenylpropan-1-one,COc1ccc(OCC[C@@H](O)CN2CCN(c3ccccc3C)CC2)c(C(=O)CCc2ccccc2)c1,1
496,3-phenyl-1-[2-(8-piperidin-1-yloctoxy)phenyl]propan-1-one,O=C(CCc1ccccc1)c1ccccc1OCCCCCCCCN1CCCCC1,1
384,"4-{4-[2-(3-Nitrophenyl)ethyl]piperazin-1-yl}-5,6,7,8-tetrahydro-1,3,4b-triazafluorene-9-carbonitrile",N#Cc1c2n(c3c(N4CCN(CCc5cccc([N+](=O)[O-])c5)CC4)ncnc13)CCCC2,1
261,"methyl 2-(4-{4,5-bis[4-(dimethylamino)phenyl]imidazol-2-yl}phenyl)cyclopropane-1-carboxylate",COC(=O)[C@H]1C[C@H]1c1ccc(-c2nc(-c3ccc(N(C)C)cc3)c(-c3ccc(N(C)C)cc3)[nH]2)cc1,1
805,"N-[2-[(2R)-6,7-dimethoxy-3,4-dihydro-1H-isoquinolin-2-yl]ethyl]-2-[(4-propylbenzoyl)amino]benzamide",CCCc1ccc(C(=O)Nc2ccccc2C(=O)NCCN2CCc3cc(OC)c(OC)cc3C2)cc1,1
249,"(8S,9R,10R,13S,14R,17S)-17-hydroxy-17-(2-hydroxyacetyl)-13-methyl-2,6,7,8,9,10,12,14,15,16-decahydro-1H-cyclopenta[a]phenanthrene-3,11-dione",C[C@]12CC(=O)[C@H]3[C@@H]4CCC(=O)C=C4CC[C@H]3[C@H]1CC[C@@]2(O)C(=O)CO,1
294,Azlocillin,CC1(C)S[C@@H]2C(NC(=O)[C@@H](NC(=O)N3CCNC3=O)c3ccccc3)C(=O)N2[C@H]1C(=O)O,0
52,Prednisolone,C[C@]12C=CC(=O)C=C1CC[C@@H]1[C@H]2[C@@H](O)C[C@]2(C)[C@@H]1CC[C@@]2(O)C(=O)CO,0
169,"1-[4-[[(7R,8S,9R,10R,13S,14S,17S)-17-acetyl-10,13-dimethyl-3-oxo-1,2,6,7,8,9,11,12,14,15,16,17-dodecahydrocyclopenta[a]phenanthren-7-yl]sulfanyl]phenyl]-3-ethylurea",CCNC(=O)Nc1ccc(S[C@@H]2CC3=CC(=O)CC[C@]3(C)[C@@H]3CC[C@]4(C)[C@@H](C(C)=O)CC[C@@H]4[C@H]23)cc1,1
611,"1-[4-[(2R)-2-hydroxy-3-quinolin-5-yloxypropyl]piperazin-1-yl]-2,2-diphenylethanone",O=C(C(c1ccccc1)c1ccccc1)N1CCN(C[C@H](O)COc2cccc3ncccc23)CC1,1
85,Chlorprothixene,CN(C)CC/C=C1/c2ccccc2Sc2ccc(Cl)cc21,1
679,"1-[3-[(2S)-3-[4-(2,3-dimethylphenyl)piperazin-1-yl]-2-hydroxypropoxy]phenyl]-3-phenylpropan-1-one",Cc1cccc(N2CCN(C[C@H](O)COc3cccc(C(=O)CCc4ccccc4)c3)CC2)c1C,1
350,"4-{5-[4-(dimethylamino)phenyl]-2-[4-(3-methoxypropyl)phenyl]imidazol-4-yl}-N,N-dimethylaniline",COCCCc1ccc(-c2nc(-c3ccc(N(C)C)cc3)c(-c3ccc(N(C)C)cc3)[nH]2)cc1,1
661,"4-[3,5-bis(trifluoromethyl)phenyl]aniline",Nc1ccc(-c2cc(C(F)(F)F)cc(C(F)(F)F)c2)cc1,1
13,N-Norlaudanosine,CN(C)Cc1ccccc1,0
103,1-[2-[(2S)-3-[4-(4-fluorophenyl)piperazin-1-yl]-2-hydroxypropoxy]phenyl]ethanone,CC(=O)c1ccccc1OC[C@@H](O)CN1CCN(c2ccc(F)cc2)CC1,1
561,"N-[(3,5-dimethoxyphenyl)methyl]-2-[2-(3-methoxyphenyl)ethyl]aniline",COc1cccc(CCc2ccccc2NCc2cc(OC)cc(OC)c2)c1,1
21,Fosfosal,O=C(O)c1ccccc1OP(=O)(O)O,0
130,"1-[2-[(2S)-3-(3,3-diphenylpropylamino)-2-hydroxypropoxy]phenyl]-3-naphthalen-1-ylpropan-1-one",O=C(CCc1cccc2ccccc12)c1ccccc1OC[C@H](O)CNCCC(c1ccccc1)c1ccccc1,1
231,1-[2-[(2S)-2-hydroxy-3-(4-hydroxy-4-phenylpiperidin-1-yl)propoxy]phenyl]-2-naphthalen-1-ylethanone,O=C(Cc1cccc2ccccc12)c1ccccc1OC[C@@H](O)CN1CCC(O)(c2ccccc2)CC1,1
258,Atrazine,CCNc1nc(Cl)nc(NC(C)C)n1,0
718,(1S)-1-(3-phenethyl-1-benzofuran-2-yl)-2-(propylamino)ethanol,CCCNC[C@H](O)c1oc2ccccc2c1CCc1ccccc1,1
728,4-methoxy-10-[4-(4-methylpiperazin-1-yl)butyl]acridin-10-ium-9-one,COc1cccc2c(=O)c3ccccc3n(CCCCN3CCN(C)CC3)c12,1
375,"5-hydroxy-2-[(2R,3R)-3-(4-hydroxy-3-methoxyphenyl)-2-(hydroxymethyl)-2,3-dihydro-1,4-benzodioxin-6-yl]-3,7-dimethoxychromen-4-one",COc1cc(O)c2c(=O)c(OC)c(-c3ccc4c(c3)O[C@H](c3ccc(O)c(OC)c3)[C@@H](CO)O4)oc2c1,1
446,Sulfamethizole,Cc1nnc(NS(=O)(=O)c2ccc(N)cc2)s1,0
186,Bupivacainne,CCCCN1CCCC[C@H]1C(=O)Nc1c(C)cccc1C,0
297,Yohimbini acid,O=C(O)[C@@H]1[C@H]2C[C@@H]3c4[nH]c5ccccc5c4CCN3C[C@@H]2CC[C@H]1O,0
317,Terazosin,COc1cc2nc(N3CCN(C(=O)[C@H]4CCCO4)CC3)nc(N)c2cc1OC,0
407,"N-[2-[[4-[2-[2-(3,4-dimethoxyphenyl)ethyl-methylamino]ethyl]phenyl]carbamoyl]phenyl]quinoline-3-carboxamide",COc1ccc(CCN(C)CCc2ccc(NC(=O)c3ccccc3NC(=O)c3cnc4ccccc4c3)cc2)cc1OC,1
706,"(5S,6R,10R,11S)-5-benzyl-10-heptyl-6-(methoxymethoxy)-4,11-dimethyl-1,9-dioxa-4-azacyclododecane-3,8,12-trione",CCCCCCC[C@H]1OC(=O)C[C@@H](OCOC)[C@H](Cc2ccccc2)N(C)C(=O)COC(=O)[C@H]1C,1
263,Hexestrol,CC[C@H](c1ccc(O)cc1)[C@@H](CC)c1ccc(O)cc1,0
772,1-(3-chlorophenyl)-4-[3-[2-[2-(3-methoxyphenyl)ethyl]phenoxy]propyl]piperazine,COc1cccc(CCc2ccccc2OCCCN2CCN(c3cccc(Cl)c3)CC2)c1,1
251,Suprofen,C[C@@H](C(=O)O)c1ccc(C(=O)c2cccs2)cc1,0
617,Phosmet,COP(=S)(OC)SCN1C(=O)c2ccccc2C1=O,0
517,Vinpocetine,CCOC(=O)C1=C[C@@]2(CC)CCCN3CCc4c(n1c1ccccc41)[C@H]32,1
216,(5-acetyloxy-4-oxo-2-phenyl-7-phenylmethoxychromen-6-yl)acetate,CC(=O)Oc1c(OCc2ccccc2)cc2oc(-c3ccccc3)cc(=O)c2c1OC(C)=O,1
284,Salsolinol,C[C@@H]1NCCc2cc(O)c(O)cc21,0
86,Dehydroemetine,CCC1=C(C[C@H]2NCCc3cc(OC)c(OC)cc32)C[C@H]2c3cc(OC)c(OC)cc3CCN2C1,0
771,Benidipine,COC(=O)C1=C(C)NC(C)=C(C(=O)O[C@H]2CCCN(Cc3ccccc3)C2)[C@@H]1c1cccc([N+](=O)[O-])c1,1
373,"3,5-dihydroxy-2-[(2R,3R)-3-(4-hydroxy-3-methoxyphenyl)-2-(hydroxymethyl)-2,3-dihydro-1,4-benzodioxin-6-yl]-7-methoxychromen-4-one",COc1cc(O)c2c(=O)c(O)c(-c3ccc4c(c3)O[C@H](c3ccc(O)c(OC)c3)[C@@H](CO)O4)oc2c1,1
39,D-620,COc1ccc([C@@](C#N)(CCCN)C(C)C)cc1OC,0
6,"4-amino-N-[4-[2-[(2R)-6,7-dimethoxy-3,4-dihydro-1H-isoquinolin-2-yl]ethyl]phenyl]benzamide",COc1cc2c(cc1OC)CN(CCc1ccc(NC(=O)c3ccc(N)cc3)cc1)CC2,1
154,Demeclocycline,CN(C)[C@@H]1C(=O)/C(=C(\N)O)C(=O)[C@]2(O)C(=O)C3=C(O)c4c(O)ccc(Cl)c4[C@@H](O)[C@H]3C[C@H]12,0
533,Podophyllotoxin,COc1cc([C@H]2c3cc4c(cc3[C@H](O)[C@H]3COC(=O)C23)OCO4)cc(OC)c1OC,0
173,4-methoxy-10-(3-morpholin-4-ylpropyl)acridin-10-ium-9-one,COc1cccc2c(=O)c3ccccc3n(CCCN3CCOCC3)c12,1
68,10-[4-[bis(2-hydroxyethyl)amino]butyl]-4-methoxyacridin-10-ium-9-one,COc1cccc2c(=O)c3ccccc3n(CCCCN(CCO)CCO)c12,1
626,"4-{2-[4-(3-ethoxyprop-1-en-1-yl)phenyl]imidazol-4-yl}-N,N-dipropylaniline",CCCN(CCC)c1ccc(-c2cnc(-c3ccc(/C=C/COCC)cc3)[nH]2)cc1,1
409,Diospyrin,Cc1cc(O)c2c(c1)C(=O)C(c1c(C)cc3c(c1O)C(=O)C=CC3=O)=CC2=O,0
764,Nifuroxazide,O=C(N/N=C/c1ccc([N+](=O)[O-])o1)c1ccc(O)cc1,0
83,Hoechst33342(Bisbenzimide),CCOc1ccc(-c2nc3ccc(-c4nc5ccc(N6CCN(C)CC6)cc5[nH]4)cc3[nH]2)cc1,0
721,"1-[2-[(2S)-3-[[(1R)-2,2-dimethyl-1-phenylpropyl]amino]-2-hydroxypropoxy]phenyl]-3-phenylpropan-1-one",CC(C)(C)[C@@H](NC[C@H](O)COc1ccccc1C(=O)CCc1ccccc1)c1ccccc1,1
830,LY335981,O[C@@H](COc1cccc2ncccc12)CN1CCN(C2c3ccccc3C3C(c4ccccc42)C3(F)F)CC1,1
491,Galantamine,COc1ccc2c3c1O[C@H]1C[C@@H](O)C=C[C@]31CCN(C)C2,0
326,"3-(4-{4,5-bis[4-(dimethylamino)phenyl]imidazol-2-yl}phenyl)prop-2-enoic acid",CN(C)c1ccc(-c2nc(-c3ccc(/C=C/C(=O)O)cc3)[nH]c2-c2ccc(N(C)C)cc2)cc1,1
682,Celestin_blue,CCN(CC)c1ccc2[nH]c3c(C(=N)O)cc(=O)c(=O)c=3oc2c1,0
97,1-(3-chlorophenyl)-4-[4-[2-[2-(3-methoxyphenyl)ethyl]phenoxy]butyl]piperazine,COc1cccc(CCc2ccccc2OCCCCN2CCN(c3cccc(Cl)c3)CC2)c1,1
57,Clofibric acid,CC(C)(Oc1ccc(Cl)cc1)C(=O)O,0
442,1-[2-[(2S)-2-hydroxy-3-piperidin-1-ylpropoxy]-5-phenoxyphenyl]-3-phenylpropan-1-one,O=C(CCc1ccccc1)c1cc(Oc2ccccc2)ccc1OC[C@@H](O)CN1CCCCC1,1
95,"1-[4,5-dichloro-2-[(2R)-2-hydroxy-3-[4-(2-methylphenyl)piperazin-1-yl]propoxy]phenyl]ethanone",CC(=O)c1cc(Cl)c(Cl)cc1OC[C@H](O)CN1CCN(c2ccccc2C)CC1,1
117,Profenamine,CCN(CC)[C@H](C)CN1c2ccccc2Sc2ccccc21,0
357,Hycanthone,CCN(CC)CCNc1ccc(CO)c2sc3ccccc3c(=O)c12,0
33,Venlafaxine,COc1ccc([C@H](CN(C)C)C2(O)CCCCC2)cc1,0
503,Sulmazole,COc1cc(S(C)=O)ccc1-c1nc2ncccc2[nH]1,0
1,"N-[4-[2-[(2R)-3,4-dihydro-1H-isoquinolin-2-yl]ethyl]phenyl]-2-nitrobenzamide",O=C(Nc1ccc(CCN2CCc3ccccc3C2)cc1)c1ccccc1[N+](=O)[O-],1
41,Pridinol,OC(CCN1CCCCC1)(c1ccccc1)c1ccccc1,0
780,Pimethixene,CN1CCC(=C2c3ccccc3Sc3ccccc32)CC1,1
90,Meclizine,Cc1cccc(CN2CCN([C@H](c3ccccc3)c3ccc(Cl)cc3)CC2)c1,0
592,Pimozide,O=c1[nH]c2ccccc2n1C1CCN(CCCC(c2ccc(F)cc2)c2ccc(F)cc2)CC1,1
27,Prednisone,C[C@@]12C=CC(=O)C=C1CC[C@@H]1[C@H]2C(=O)C[C@]2(C)[C@@H]1CC[C@@]2(O)C(=O)CO,0
565,(1R)-1-[2-[(2S)-2-hydroxy-3-piperidin-1-ylpropoxy]phenyl]-3-phenylpropan-1-ol,O[C@H](COc1ccccc1[C@H](O)CCc1ccccc1)CN1CCCCC1,1
349,"4-{5-[4-(dimethylamino)phenyl]-2-[4-(3-methoxyprop-1-en-1-yl)phenyl]imidazol-4-yl}-N,N-dimethylaniline",COC/C=C/c1ccc(-c2nc(-c3ccc(N(C)C)cc3)c(-c3ccc(N(C)C)cc3)[nH]2)cc1,1
28,Haloprogin,Clc1cc(Cl)c(OCC#CI)cc1Cl,0
196,N-[2-[[4-[2-[(4-hydroxy-3-methoxyphenyl)methyl-methylamino]ethyl]phenyl]carbamoyl]phenyl]quinoline-3-carboxamide,COc1cc(CN(C)CCc2ccc(NC(=O)c3ccccc3NC(=O)c3cnc4ccccc4c3)cc2)ccc1O,1
542,[(2S)-1-[2-(3-phenylpropanoyl)phenoxy]-3-piperidin-1-ylpropan-2-yl]acetate,CC(=O)O[C@H](COc1ccccc1C(=O)CCc1ccccc1)CN1CCCCC1,1
146,Clopamide,C[C@@H]1CCC[C@@H](C)N1NC(=O)c1ccc(Cl)c(S(N)(=O)=O)c1,0
567,(1R)-1-[2-[(2S)-2-hydroxy-3-morpholin-4-ylpropoxy]phenyl]-3-phenylpropan-1-ol,O[C@H](COc1ccccc1[C@H](O)CCc1ccccc1)CN1CCOCC1,1
840,1-[2-[(2R)-2-hydroxy-3-piperidin-1-ylpropoxy]phenyl]-3-naphthalen-1-ylpropan-1-one,O=C(CCc1cccc2ccccc12)c1ccccc1OC[C@@H](O)CN1CCCCC1,1
3,Oxprenolol,C=CCOc1ccccc1OC[C@H](O)CNC(C)C,0
118,Tacrine,Nc1c2c(nc3ccccc13)CCCC2,0
642,1-[2-[(2S)-2-hydroxy-3-(propylamino)propoxy]-5-phenylmethoxyphenyl]-3-phenylpropan-1-one,CCCNC[C@H](O)COc1ccc(OCc2ccccc2)cc1C(=O)CCc1ccccc1,1
547,[2-[(2S)-2-hydroxy-3-(4-hydroxy-4-phenylpiperidin-1-yl)propoxy]phenyl]-phenylmethanone,O=C(c1ccccc1)c1ccccc1OC[C@H](O)CN1CCC(O)(c2ccccc2)CC1,1
827,Metopimazine,CS(=O)(=O)c1ccc2c(c1)N(CCCN1CCC(C(N)=O)CC1)c1ccccc1S2,0
168,"1-[4-[[(7R,8S,9S,10R,13S,14S,17R)-17-acetyl-10,13-dimethyl-3-oxo-1,2,6,7,8,9,11,12,14,15,16,17-dodecahydrocyclopenta[a]phenanthren-7-yl]sulfanyl]phenyl]-3-(2-chloroethyl)urea",CC(=O)[C@@H]1CC[C@@H]2[C@H]3[C@H](CC[C@]12C)[C@@]1(C)CCC(=O)C=C1C[C@H]3Sc1ccc(NC(=O)NCCCl)cc1,1
683,"N-[4-[2-[(2R)-6,7-dimethoxy-3,4-dihydro-1H-isoquinolin-2-yl]ethyl]phenyl]quinoxaline-2-carboxamide",COc1cc2c(cc1OC)CN(CCc1ccc(NC(=O)c3cnc4ccccc4n3)cc1)CC2,1
171,Artesunate,C[C@@H]1CC[C@H]2[C@@H](C)[C@@H](OC(=O)CCC(=O)O)O[C@H]3O[C@@]4(C)CC[C@@H]1[C@]32OO4,0
113,"[(2R,3R)-3-benzyl-2,3-dihydro-1-benzofuran-2-yl]-piperidin-1-ylmethanone",O=C([C@@H]1Oc2ccccc2[C@H]1Cc1ccccc1)N1CCCCC1,1
131,"1-[2-[(2S)-3-(3,3-diphenylpropylamino)-2-hydroxypropoxy]phenyl]-3-naphthalen-1-ylpropan-1-one",O=C(CCc1cccc2ccccc12)c1ccccc1OC[C@@H](O)CNCCC(c1ccccc1)c1ccccc1,1
672,"1-[(2R)-3-(butylamino)-2-hydroxypropyl]-5-methyl-2-phenyl-4-(3-phenylpropanoyl)pyrazole-1,2-diium-3-one",CCCCNC[C@@H](O)Cn1c(C)c(C(=O)CCc2ccccc2)c(=O)n1-c1ccccc1,1
416,2-[4-[3-[2-[2-(3-methoxyphenyl)ethyl]phenoxy]propyl]piperazin-1-yl]pyrimidine,COc1cccc(CCc2ccccc2OCCCN2CCN(c3ncccn3)CC2)c1,1
510,Carbaryl,CNC(=O)Oc1cccc2ccccc12,0
810,Morphine,CN1CC[C@@]23c4c5ccc(O)c4O[C@H]2[C@H](O)C=C[C@H]3[C@@H]1C5,0
619,Racinine,COc1ccn(C)c(=O)c1C#N,0
528,Adiphenine,CCN(CC)CCOC(=O)C(c1ccccc1)c1ccccc1,0
14,Fenfluramine,CCN[C@@H](C)Cc1cccc(C(F)(F)F)c1,0
646,Sulfabenzamide,Nc1ccc(S(=O)(=O)NC(=O)c2ccccc2)cc1,0
413,Isoconazole,Clc1ccc([C@H](Cn2ccnc2)OCc2c(Cl)cccc2Cl)c(Cl)c1,1
8,Lidocaine,CCN(CC)CC(=O)Nc1c(C)cccc1C,0
157,Pyrazinamide,NC(=O)c1cnccn1,0
578,HM301818,COc1cc2c(cc1OC)CN(CCc1ccc(-n3nnc(-c4cc(OC)c(OC)cc4NC(=O)c4cc(=O)c5ccccc5o4)n3)cc1)CC2,1
301,Emetine,CC[C@@H]1CN2CCc3cc(OC)c(OC)cc3[C@@H]2C[C@H]1C[C@H]1NCCc2cc(OC)c(OC)cc21,0
752,Tiapamil,COc1ccc(CCN(C)CCCC2(c3ccc(OC)c(OC)c3)S(=O)(=O)CCCS2(=O)=O)cc1OC,0
158,"9-(4,5-Dimethylthyazol-2-yl)-4-(4-phenethylpiperazin-1-yl)-5,6,7,8-tetrahydro-1,3,4b-triazofluorene",Cc1nc(-c2c3n(c4c(N5CCN(CCc6ccccc6)CC5)ncnc24)CCCC3)sc1C,1
43,Sulfamerazine,Cc1ccnc(NS(=O)(=O)c2ccc(N)cc2)n1,0
430,Helcinonide,CC1(C)O[C@@H]2C[C@@H]3[C@H]4CCC5=CC(=O)CC[C@@]5(C)[C@@]4(F)[C@@H](O)C[C@@]3(C)[C@]2(C(=O)CCl)O1,0
748,"[5-[(2S)-3-[di(propan-2-yl)amino]-2-hydroxypropoxy]-1,3-dimethylpyrazol-1-ium-4-id-4-yl]-phenylmethanone",Cc1nn(C)c(OC[C@@H](O)CN(C(C)C)C(C)C)c1C(=O)c1ccccc1,1
765,Olanzapine,Cc1cc2c(s1)Nc1ccccc1N=C2N1CCN(C)CC1,1
233,1-[2-[(2R)-3-(4-benzylpiperazin-1-yl)-2-hydroxypropoxy]-5-phenylmethoxyphenyl]-3-phenylpropan-1-one,O=C(CCc1ccccc1)c1cc(OCc2ccccc2)ccc1OC[C@H](O)CN1CCN(Cc2ccccc2)CC1,1
132,"N-[2-[[3-[2-[(2S)-6,7-dimethoxy-3,4-dihydro-1H-isoquinolin-2-yl]ethyl]phenyl]carbamoyl]phenyl]-5-methylpyrazine-2-carboxamide",COc1cc2c(cc1OC)CN(CCc1cccc(NC(=O)c3ccccc3NC(=O)c3cnc(C)cn3)c1)CC2,1
212,Oxyfedrine,COc1cccc(C(=O)CCN[C@H](C)[C@@H](O)c2ccccc2)c1,0
489,Carbinoxamine,CN(C)CCO[C@H](c1ccc(Cl)cc1)c1ccccn1,0
788,Methylergonovine,CC[C@H](CO)NC(=O)[C@@H]1C=C2c3cccc4[nH]cc(c34)C[C@H]2N(C)C1,0
65,Clanobutin,COc1ccc(N(CCCC(=O)O)C(=O)c2ccc(Cl)cc2)cc1,0
432,"2-butylsulfanyl-3-prop-2-enylspiro[6H-benzo[h]quinazoline-5,1'-cyclopentane]-4-one",C=CCn1c(SCCCC)nc2c(c1=O)C1(CCCC1)Cc1ccccc1-2,1
142,1-[2-[(2S)-3-(benzhydrylamino)-2-hydroxypropoxy]phenyl]-3-phenylpropan-1-one,O=C(CCc1ccccc1)c1ccccc1OC[C@@H](O)CNC(c1ccccc1)c1ccccc1,1
741,5-hydroxycarvedilol,COc1ccc(O)cc1OCCNC[C@H](O)COc1cccc2[nH]c3ccccc3c12,0
500,Clotrimazole,Clc1ccccc1C(c1ccccc1)(c1ccccc1)n1ccnc1,1
128,(5-hydroxy-4-oxo-2-phenyl-6-phenylmethoxychromen-7-yl)acetate,CC(=O)Oc1cc2oc(-c3ccccc3)cc(=O)c2c(O)c1OCc1ccccc1,1
119,Fluoxetine,CNCC[C@@H](Oc1ccc(C(F)(F)F)cc1)c1ccccc1,1
124,10-[3-[4-(2-hydroxyethyl)piperazin-1-yl]propyl]acridin-10-ium-9-one,O=c1c2ccccc2n(CCCN2CCN(CCO)CC2)c2ccccc12,1
647,DDE,ClC(Cl)=C(c1ccc(Cl)cc1)c1ccc(Cl)cc1,0
624,"(2R,3R)-3,5-dihydroxy-2-[(2R,3S)-3-(4-hydroxy-3-methoxyphenyl)-2-(hydroxymethyl)-2,3-dihydro-1,4-benzodioxin-6-yl]-7-phenylmethoxy-2,3-dihydrochromen-4-one",COc1cc([C@@H]2Oc3cc([C@H]4Oc5cc(OCc6ccccc6)cc(O)c5C(=O)[C@@H]4O)ccc3O[C@H]2CO)ccc1O,1
715,"4-(2,4,6-trimorpholin-4-ylpyrimido[5,4-d]pyrimidin-8-yl)morpholine",C1CN(c2nc(N3CCOCC3)c3nc(N4CCOCC4)nc(N4CCOCC4)c3n2)CCO1,0
753,Hydroxizine,OCCOCCN1CCN([C@H](c2ccccc2)c2ccc(Cl)cc2)CC1,1
96,Chlorotrianisene,COc1ccc(C(Cl)=C(c2ccc(OC)cc2)c2ccc(OC)cc2)cc1,0
278,"(3R,4S)-4-(4-benzylpiperazin-1-yl)-3-hydroxy-2,2-dimethyl-3,4-dihydrochromene-6-carbonitrile",CC1(C)Oc2ccc(C#N)cc2[C@H](N2CCN(Cc3ccccc3)CC2)[C@H]1O,1
485,2-Benzylpyridine,c1ccc(Cc2ccccn2)cc1,0
53,Metanephrine,CNC[C@@H](O)c1ccc(O)c(OC)c1,1
347,"methyl 3-(4-{4,5-bis[4-(dimethylamino)phenyl]imidazol-2-yl}phenyl)propanoate",COC(=O)CCc1ccc(-c2nc(-c3ccc(N(C)C)cc3)c(-c3ccc(N(C)C)cc3)[nH]2)cc1,1
247,Thalicarpine,COc1cc(C[C@@H]2c3cc(OC)c(OC)cc3CCN2C)c(Oc2cc3c(cc2OC)-c2c(OC)c(OC)cc4c2[C@@H](C3)N(C)CC4)cc1OC,1
339,4-[2-[4-[(E)-3-ethoxyprop-1-enyl]phenyl]-5-(4-fluorophenyl)imidazol-4-yl]-N-propan-2-ylaniline,CCOC/C=C/c1ccc(-c2nc(-c3ccc(F)cc3)c(-c3ccc(NC(C)C)cc3)[nH]2)cc1,1
312,Ergocristine,CC(C)[C@]1(NC(=O)[C@H]2C=C3c4cccc5[nH]cc(c45)C[C@H]3N(C)C2)O[C@]2(O)C3CCCN3C(=O)[C@H](Cc3ccccc3)N2C1=O,1
115,Pravastatin acid,CC[C@@H](C)C(=O)O[C@H]1C[C@H](O)C=C2C=C[C@@H](C)[C@H](CC[C@@H](O)C[C@@H](O)CC(=O)O)[C@H]21,0
64,Metoprolol,COCCc1ccc(OC[C@@H](O)CNC(C)C)cc1,0
740,4-hydroxycarvedilol,COc1cc(O)ccc1OCCNC[C@H](O)COc1cccc2[nH]c3ccccc3c12,0
30,4-[4-[2-[4-[(Z)-3-ethoxyprop-1-enyl]phenyl]-5-(4-morpholin-4-ylphenyl)imidazol-4-yl]phenyl]morpholine,CCOC/C=C\c1ccc(-c2nc(-c3ccc(N4CCOCC4)cc3)c(-c3ccc(N4CCOCC4)cc3)[nH]2)cc1,1
554,(1S)-1-[2-[(2S)-3-[4-(4-fluorophenyl)piperazin-1-yl]-2-hydroxypropoxy]phenyl]-3-phenylpropan-1-ol,O[C@H](COc1ccccc1[C@@H](O)CCc1ccccc1)CN1CCN(c2ccc(F)cc2)CC1,1
799,"4-chloro-N-[2-[(2R)-6,7-dimethoxy-3,4-dihydro-1H-isoquinolin-2-yl]ethyl]-2-[(4-propan-2-ylbenzoyl)amino]benzamide",COc1cc2c(cc1OC)CN(CCNC(=O)c1ccc(Cl)cc1NC(=O)c1ccc(C(C)C)cc1)CC2,1
600,"4-(2-{4-[3-(benzyloxy)prop-1-en-1-yl]phenyl}-5-[4-(dimethylamino)phenyl]imidazol-4-yl)-N,N-dimethylaniline",CN(C)c1ccc(-c2nc(-c3ccc(/C=C/COCc4ccccc4)cc3)[nH]c2-c2ccc(N(C)C)cc2)cc1,1
504,Resveratrol,Oc1ccc(/C=C/c2cc(O)cc(O)c2)cc1,0
110,Naringenin,O=C1C[C@H](c2ccc(O)cc2)Oc2cc(O)cc(O)c21,1
265,Trimethoprim,COc1cc(Cc2cnc(N)nc2N)cc(OC)c1OC,0
634,Flunisolide,CC1(C)O[C@@H]2C[C@@H]3[C@H]4C[C@@H](F)C5=CC(=O)C=C[C@@]5(C)[C@@H]4[C@@H](O)C[C@]3(C)[C@@]2(C(=O)CO)O1,0
0,Phenylpropanolamine,C[C@H](N)[C@H](O)c1ccccc1,0
438,Chrysene-1-4-dione,O=C1C=CC(=O)c2c1ccc1c2ccc2ccccc21,0
743,Carbamazepine,NC(=O)N1c2ccccc2C=Cc2ccccc21,0
95,Tamoxifen,CC/C(=C(/c1ccccc1)c1ccc(OCCN(C)C)cc1)c1ccccc1,1
760,Verapamil,COc1ccc(CCN(C)CCC[C@@](C#N)(c2ccc(OC)c(OC)c2)C(C)C)cc1OC,1
54,Clenbuterol,CC(C)(C)NC[C@@H](O)c1cc(Cl)c(N)c(Cl)c1,0
548,[2-[(2S)-2-hydroxy-3-(4-hydroxy-4-phenylpiperidin-1-yl)propoxy]phenyl]-phenylmethanone,O=C(c1ccccc1)c1ccccc1OC[C@@H](O)CN1CCC(O)(c2ccccc2)CC1,1
447,Acrivastine,Cc1ccc(/C(=C\CN2CCCC2)c2cccc(/C=C/C(=O)O)n2)cc1,0
469,Reserpine,COC(=O)[C@@H]1[C@@H](OC)[C@@H](OC(=O)c2cc(OC)c(OC)c(OC)c2)C[C@H]2CN3CCc4c([nH]c5cc(OC)ccc45)[C@H]3C[C@@H]12,1
67,1-[2-[(2S)-3-(4-benzylpiperidin-1-yl)-2-hydroxypropoxy]phenyl]ethanone,CC(=O)c1ccccc1OC[C@@H](O)CN1CCC(Cc2ccccc2)CC1,1
392,Bicuculline,CN1CCc2cc3c(cc2[C@@H]1[C@H]1OC(=O)c2c1ccc1c2OCO1)OCO3,0
185,Prazosin,COc1cc2nc(N3CCN(C(=O)c4ccco4)CC3)nc(N)c2cc1OC,0
667,Quinidine,C=C[C@H]1CN2CC[C@H]1C[C@H]2[C@H](O)c1ccnc2ccc(OC)cc12,1
14,Mestranol,C#C[C@]1(O)CC[C@H]2[C@@H]3CCc4cc(OC)ccc4[C@H]3CC[C@]21C,0
74,Scopolamine,CN1[C@H]2CC(OC(=O)[C@@H](CO)c3ccccc3)C[C@@H]1[C@H]1O[C@@H]21,0
778,N-N-Dibenzylethylene,Oc1ccc(C[C@H]2NCCc3cc(O)c(O)cc32)cc1O,0
644,Niflumic Acid,O=C(O)c1cccnc1Nc1cccc(C(F)(F)F)c1,0
467,Lasalocid,CC[C@H](C(=O)[C@H](C)[C@H](O)[C@@H](C)CCc1ccc(C)c(O)c1C(=O)O)[C@H]1O[C@](CC)([C@@H]2CC[C@@](O)(CC)[C@@H](C)O2)C[C@H]1C,1
105,"N-[4-[2-[(2S)-6,7-dimethoxy-3,4-dihydro-1H-isoquinolin-2-yl]ethyl]phenyl]naphthalene-1-carboxamide",COc1cc2c(cc1OC)CN(CCc1ccc(NC(=O)c3cccc4ccccc34)cc1)CC2,1
315,Amikacin,NCC[C@H](O)C(=O)N[C@@H]1C[C@@H](N)[C@H](O[C@H]2O[C@H](CN)[C@@H](O)[C@H](O)[C@@H]2O)[C@H](O)[C@H]1O[C@@H]1O[C@@H](CO)[C@H](O)[C@H](N)[C@@H]1O,0
754,Cetirizine,O=C(O)COCCN1CCN([C@@H](c2ccccc2)c2ccc(Cl)cc2)CC1,0
170,Xylazine,Cc1cccc(C)c1NC1=NCCCS1,0
23,"1-[(2S)-2-hydroxy-3-[4-(2-methylphenyl)piperazin-1-yl]propyl]-5-methyl-2-phenyl-4-(3-phenylpropanoyl)pyrazole-1,2-diium-3-one",Cc1ccccc1N1CCN(C[C@H](O)Cn2c(C)c(C(=O)CCc3ccccc3)c(=O)n2-c2ccccc2)CC1,1
109,Hespertin,COc1ccc([C@H]2CC(=O)c3c(O)cc(O)cc3O2)cc1O,0
591,Etoposide,COc1cc([C@H]2c3cc4c(cc3[C@H](O[C@@H]3O[C@@H]5CO[C@@H](C)O[C@H]5[C@@H](O)[C@@H]3O)[C@H]3COC(=O)[C@H]23)OCO4)cc(OC)c1O,0
127,Cinepazide,COc1cc(/C=C/C2=C(N3CCCC3)CN3CCN2CC3)cc(OC)c1OC,0
120,1-[2-[(2S)-2-hydroxy-3-(4-hydroxy-4-phenylpiperidin-1-yl)propoxy]phenyl]propan-1-one,CCC(=O)c1ccccc1OC[C@H](O)CN1CCC(O)(c2ccccc2)CC1,1
738,Ritodrine,C[C@H](NCCc1ccc(O)cc1)[C@H](O)c1ccc(O)cc1,0
241,Nitrazepam,O=C1CN=C(c2ccccc2)c2cc([N+](=O)[O-])ccc2N1,0
633,N-benzyladenine,c1ccc(CNc2ncnc3nc[nH]c23)cc1,0
434,Noscapine,COc1ccc2c(c1OC)C(=O)O[C@@H]2[C@H]1c2c(cc3c(c2OC)OCO3)CCN1C,1
701,"(5S,6R,10R,11S)-5-benzyl-10-butyl-6-(methoxymethoxy)-4,11-dimethyl-1,9-dioxa-4-azacyclododecane-3,8,12-trione",CCCC[C@H]1OC(=O)C[C@@H](OCOC)[C@H](Cc2ccccc2)N(C)C(=O)COC(=O)[C@H]1C,1
835,LY3535977,O[C@@H](COc1cccc2ncccc12)CN1CCN(C2c3ccccc3[C@@H]3[C@H](c4ccccc42)C3(F)F)CC1,1
36,"1-(3-methoxyphenyl)-N,N-dimethylmethanamine",COc1cccc(CN(C)C)c1,0
149,1-[2-[(2S)-3-anilino-2-hydroxypropoxy]phenyl]-3-phenylpropan-1-one,O=C(CCc1ccccc1)c1ccccc1OC[C@H](O)CNc1ccccc1,1
363,Trimethadione,CN1C(=O)OC(C)(C)C1=O,0
756,"N-[2-[(3-acetyl-2,4,6-trimethylphenyl)methylsulfanyl]-1,3-benzothiazol-6-yl]-3-phenylpropanamide",CC(=O)c1c(C)cc(C)c(CSc2nc3ccc(NC(=O)CCc4ccccc4)cc3s2)c1C,1
271,Midazolam,Cc1ncc2n1-c1ccc(Cl)cc1C(c1ccccc1F)=NC2,1
68,"4-[4,6-bis(trifluoromethyl)-1,3,5-triazin-2-yl]-N,N-dimethylaniline",CN(C)c1ccc(-c2nc(C(F)(F)F)nc(C(F)(F)F)n2)cc1,0
28,1-[2-[(2R)-3-(4-benzylpiperazin-1-yl)-2-hydroxypropoxy]-5-phenoxyphenyl]-3-phenylpropan-1-one,O=C(CCc1ccccc1)c1cc(Oc2ccccc2)ccc1OC[C@H](O)CN1CCN(Cc2ccccc2)CC1,1
300,"(2R)-2-[5-[2-[2-(3-methoxyphenyl)ethyl]phenoxy]pentyl]-3,4-dihydro-1H-isoquinoline",COc1cccc(CCc2ccccc2OCCCCCN2CCc3ccccc3C2)c1,1
82,Trichlormethiazide,NS(=O)(=O)c1cc2c(cc1Cl)N[C@@H](C(Cl)Cl)NS2(=O)=O,0
433,Hydrastine,COc1ccc2c(c1OC)C(=O)O[C@@H]2[C@H]1c2cc3c(cc2CCN1C)OCO3,1
26,Acetaminophen(Paracetamol),CC(=O)Nc1ccc(O)cc1,0
122,1-[2-[(2S)-2-hydroxy-3-(4-hydroxy-4-phenylpiperidin-1-yl)propoxy]phenyl]ethanone,CC(=O)c1ccccc1OC[C@@H](O)CN1CCC(O)(c2ccccc2)CC1,1
759,Emopamil,CC(C)[C@](C#N)(CCCN(C)CCc1ccccc1)c1ccccc1,1
663,Sulpiride,CCN1CCC[C@H]1CNC(=O)c1cc(S(N)(=O)=O)ccc1OC,0
180,"1-[2-[(2S)-3-(2,2-diphenylethylamino)-2-hydroxypropoxy]phenyl]-3-phenylpropan-1-one",O=C(CCc1ccccc1)c1ccccc1OC[C@@H](O)CNCC(c1ccccc1)c1ccccc1,1
50,Decadronal,CC(=O)OCC(=O)[C@@]1(O)[C@@H](C)C[C@@H]2[C@H]3CCC4=CC(=O)C=C[C@@]4(C)[C@]3(F)[C@H](O)C[C@@]21C,1
652,diphenylbis(hydroxymethyl)-diphenylBLAHdicarboxylate,O=C(Oc1ccccc1)N1[C@H]2C3[C@@H]4N(C(=O)Oc5ccccc5)[C@@H]5C([C@@H](c6ccccc6)C24CO)[C@H]1C5(CO)[C@@H]3c1ccccc1,1
472,"1-[4-[(2S)-3-(3,3-diphenylpropylamino)-2-hydroxypropoxy]phenyl]-3-phenylpropan-1-one",O=C(CCc1ccccc1)c1ccc(OC[C@@H](O)CNCCC(c2ccccc2)c2ccccc2)cc1,1
596,Ethylbenzylaniline,CCN(Cc1ccccc1)c1ccccc1,0
695,"(2S,5S,6S,10R,11S)-5-benzyl-10-heptyl-6-hydroxy-4,11-dimethyl-2-propan-2-yl-1,9-dioxa-4-azacyclododecane-3,8,12-trione",CCCCCCC[C@H]1OC(=O)C[C@H](O)[C@H](Cc2ccccc2)N(C)C(=O)[C@H](C(C)C)OC(=O)[C@H]1C,1
797,1-[3-[(2R)-2-hydroxy-3-piperidin-1-ylpropoxy]phenyl]-3-phenylpropan-1-one,O=C(CCc1ccccc1)c1cccc(OC[C@H](O)CN2CCCCC2)c1,1
657,2-[4-[5-[2-[2-(3-methoxyphenyl)ethyl]phenoxy]pentyl]piperazin-1-yl]pyrimidine,COc1cccc(CCc2ccccc2OCCCCCN2CCN(c3ncccn3)CC2)c1,1
391,Alfentanil,CCC(=O)N(c1ccccc1)C1(COC)CCN(CCn2nnn(CC)c2=O)CC1,0
379,"4-{4-[2-(3,4-Difluorophenyl)ethyl]piperazin-1-yl}-5,6,7,8-tetrahydro-1,3,4b-triazafluorene-9-carboxylic Acid Ethylamide",CCNC(=O)c1c2n(c3c(N4CCN(CCc5ccc(F)c(F)c5)CC4)ncnc13)CCCC2,1
267,"(2S)-3-(4-ethylphenyl)-2-[4-(2-methylpropoxy)phenyl]-1,2-dihydroquinazolin-4-one",CCc1ccc(N2C(=O)c3ccccc3N[C@@H]2c2ccc(OCC(C)C)cc2)cc1,1
371,"2-[(2R,3S)-3-(3,4-dihydroxyphenyl)-2-(hydroxymethyl)-2,3-dihydro-1,4-benzodioxin-6-yl]-3,5,7-trihydroxychromen-4-one",O=c1c(O)c(-c2ccc3c(c2)O[C@@H](c2ccc(O)c(O)c2)[C@@H](CO)O3)oc2cc(O)cc(O)c12,1
425,Pefloxacin,CCn1cc(C(=O)O)c(=O)c2cc(F)c(N3CCN(C)CC3)cc21,0
6,Triflusal,CC(=O)Oc1cc(C(F)(F)F)ccc1C(=O)O,0
125,10-[3-(4-methylpiperazin-1-yl)propyl]acridin-10-ium-9-one,CN1CCN(CCCn2c3ccccc3c(=O)c3ccccc32)CC1,1
99,1-[4-[2-[2-(3-methoxyphenyl)ethyl]phenoxy]butyl]-4-[3-(trifluoromethyl)phenyl]piperazine,COc1cccc(CCc2ccccc2OCCCCN2CCN(c3cccc(C(F)(F)F)c3)CC2)c1,1
90,"1,3-dimethoxy-5-[[2-[2-(3-methoxyphenyl)ethyl]phenoxy]methyl]benzene",COc1cccc(CCc2ccccc2OCc2cc(OC)cc(OC)c2)c1,1
139,Boldine,COc1cc2c(cc1O)C[C@H]1c3c(cc(O)c(OC)c3-2)CCN1C,0
144,"4-{4,5-bis[4-(dimethylamino)phenyl]-1-(2-phenylethyl)-1H-imidazol-2-yl}phenol",CN(C)c1ccc(-c2nc(-c3ccc(O)cc3)n(CCc3ccccc3)c2-c2ccc(N(C)C)cc2)cc1,1
65,Mexilitene,Cc1cccc(C)c1OC[C@@H](C)N,0
411,(2R)-4-[(2S)-2-hydroxy-3-piperidin-1-ylpropoxy]-3-methylidene-2-phenylinden-1-one,C=C1c2c(OC[C@@H](O)CN3CCCCC3)cccc2C(=O)[C@@H]1c1ccccc1,1
457,1-[2-[(2R)-2-hydroxy-3-(propylamino)propoxy]phenyl]-3-phenylpropan-1-one,CCCNC[C@@H](O)COc1ccccc1C(=O)CCc1ccccc1,1
750,Xylometazoline,Cc1cc(C(C)(C)C)cc(C)c1CC1=NCCN1,0
336,4-[2-[4-[(E)-3-ethoxyprop-1-enyl]phenyl]-5-[4-(methylamino)phenyl]imidazol-4-yl]-N-propan-2-ylaniline,CCOC/C=C/c1ccc(-c2nc(-c3ccc(NC)cc3)c(-c3ccc(NC(C)C)cc3)[nH]2)cc1,1
34,Dexloxiglumide,CCCCCN(CCCOC)C(=O)[C@H](CCC(=O)O)NC(=O)c1ccc(Cl)c(Cl)c1,1
454,1-[2-[(2R)-3-(dipropylamino)-2-hydroxypropoxy]-5-hydroxyphenyl]-3-phenylpropan-1-one,CCCN(CCC)C[C@@H](O)COc1ccc(O)cc1C(=O)CCc1ccccc1,1
63,Tremorine,C(#CCN1CCCC1)CN1CCCC1,0
656,"N-[2-[(2R)-6,7-dimethoxy-3,4-dihydro-1H-isoquinolin-2-yl]ethyl]-2-[(4-phenylmethoxybenzoyl)amino]benzamide",COc1cc2c(cc1OC)CN(CCNC(=O)c1ccccc1NC(=O)c1ccc(OCc3ccccc3)cc1)CC2,1
512,"N'-(5-chloronaphthalen-1-yl)sulfanylhexane-1,6-diamine",NCCCCCCNSc1cccc2c(Cl)cccc12,0
364,Dimethadione,CC1(C)OC(=O)NC1=O,0
8,"N-[4-[2-[(2R)-6,7-dimethoxy-3,4-dihydro-1H-isoquinolin-2-yl]ethyl]phenyl]-3,4-dimethoxybenzamide",COc1ccc(C(=O)Nc2ccc(CCN3CCc4cc(OC)c(OC)cc4C3)cc2)cc1OC,1
613,Pempidine,CN1C(C)(C)CCCC1(C)C,0
519,Proadifen,CCCC(C(=O)OCCN(CC)CC)(c1ccccc1)c1ccccc1,1
507,Diperocaine,O=C(Nc1ccccc1)OC[C@@H](CN1CCCCC1)OC(=O)Nc1ccccc1,1
245,Geldanamycin,COC1=C2C[C@H](C)C[C@H](OC)[C@@H](O)[C@H](C)C=C(C)[C@@H](OC(N)=O)[C@H](OC)C=CC=C(C)C(=O)NC(=CC1=O)C2=O,1
761,Gallopamil,COc1ccc(CCN(C)CCC[C@@](C#N)(c2cc(OC)c(OC)c(OC)c2)C(C)C)cc1OC,1
235,"N-[2-[[4-[2-[(2S)-6,7-dimethoxy-3,4-dihydro-1H-isoquinolin-2-yl]ethyl]phenyl]carbamoyl]phenyl]pyridine-3-carboxamide",COc1cc2c(cc1OC)CN(CCc1ccc(NC(=O)c3ccccc3NC(=O)c3cccnc3)cc1)CC2,1
658,Talinolol,CC(C)(C)NC[C@H](O)COc1ccc(NC(=O)NC2CCCCC2)cc1,0
552,Cinoxacin,CCn1nc(C(=O)O)c(=O)c2cc3c(cc21)OCO3,0
583,Betahistine,CNCCc1ccccn1,0
98,1-(4-fluorophenyl)-4-[4-[2-[2-(3-methoxyphenyl)ethyl]phenoxy]butyl]piperazine,COc1cccc(CCc2ccccc2OCCCCN2CCN(c3ccc(F)cc3)CC2)c1,1
92,1-[2-[(2R)-3-(4-benzylpiperazin-1-yl)-2-hydroxypropoxy]-5-hydroxyphenyl]-3-phenylpropan-1-one,O=C(CCc1ccccc1)c1cc(O)ccc1OC[C@H](O)CN1CCN(Cc2ccccc2)CC1,1
814,Memotine,COc1ccc(OC2=NCCc3ccccc32)cc1,0
134,Monocrotaline,C[C@@H]1C(=O)O[C@@H]2CCN3CC=C(COC(=O)[C@](C)(O)[C@]1(C)O)C23,0
92,(2S)-1-[4-(4-fluorophenyl)piperazin-1-yl]-3-(4-methoxyphenoxy)propan-2-ol,COc1ccc(OC[C@@H](O)CN2CCN(c3ccc(F)cc3)CC2)cc1,1
410,Dihydroergotamine,CN1C[C@@H](C(=O)NC2(C)O[C@@]3(O)[C@@H]4CCCN4C(=O)[C@H](Cc4ccccc4)N3C2=O)C[C@@H]2c3cccc4[nH]cc(c34)C[C@H]21,1
463,1-[2-[(2S)-3-(diethylamino)-2-hydroxypropoxy]phenyl]-3-phenylpropan-1-one,CCN(CC)C[C@@H](O)COc1ccccc1C(=O)CCc1ccccc1,1
630,"(2S)-6,7-dimethoxy-2-[4-[2-[2-(3-methoxyphenyl)ethyl]phenoxy]butyl]-3,4-dihydro-1H-isoquinoline",COc1cccc(CCc2ccccc2OCCCCN2CCc3cc(OC)c(OC)cc3C2)c1,1
529,Aminopentamide,C[C@@H](CC(C(N)=O)(c1ccccc1)c1ccccc1)N(C)C,0
763,D-703,COc1cc([C@](C#N)(CCCN(C)CCc2ccc(OC)c(OC)c2)C(C)C)ccc1O,1
722,"9-hydroxy-6-phenyl-[1,3]dioxolo[4,5-g]chromen-8-one",O=c1cc(-c2ccccc2)oc2cc3c(c(O)c12)OCO3,1
266,"(2S)-3-[4-[(2R)-butan-2-yl]phenyl]-2-(4-methoxyphenyl)-1,2-dihydroquinazolin-4-one",CC[C@@H](C)c1ccc(N2C(=O)c3ccccc3N[C@@H]2c2ccc(OC)cc2)cc1,1
817,1-(3-chlorophenyl)-4-[2-[2-[2-(3-methoxyphenyl)ethyl]phenoxy]ethyl]piperazine,COc1cccc(CCc2ccccc2OCCN2CCN(c3cccc(Cl)c3)CC2)c1,1
717,N-[2-(3-phenethyl-1-benzofuran-2-yl)ethyl]propan-2-amine,CC(C)NCCc1oc2ccccc2c1CCc1ccccc1,1
103,1-Benzylpiperazine,c1ccc(N2CCNCC2)cc1,0
31,(6-acetyloxy-4-oxo-2-phenyl-5-phenylmethoxychromen-7-yl)acetate,CC(=O)Oc1cc2oc(-c3ccccc3)cc(=O)c2c(OCc2ccccc2)c1OC(C)=O,1
604,"(3R,4S)-3-hydroxy-2,2-dimethyl-4-(methylamino)-3,4-dihydrochromene-6-carbonitrile",CN[C@H]1c2cc(C#N)ccc2OC(C)(C)[C@@H]1O,0
498,3-phenyl-1-[2-(6-piperidin-1-ylhexoxy)phenyl]propan-1-one,O=C(CCc1ccccc1)c1ccccc1OCCCCCCN1CCCCC1,1
398,Vidarabine,Nc1ncnc2c1ncn2[C@H]1O[C@H](CO)[C@H](O)[C@H]1O,0
114,"[(2S,3S,4S)-3-hydroxy-2-methyl-4-pyrrolidin-1-yl-3,4-dihydro-2H-quinolin-1-yl]-(4-methylphenyl)methanone",Cc1ccc(C(=O)N2c3ccccc3[C@H](N3CCCC3)[C@@H](O)[C@@H]2C)cc1,1
42,Fenipramide,NC(=O)C(CCN1CCCCC1)(c1ccccc1)c1ccccc1,0
834,LY350344,O[C@H](COc1cccc2ncccc12)CN1CCN(C2c3ccccc3[C@H]3C[C@H]3c3ccccc32)CC1,1
295,Cyproheptadine,CN1CCC(=C2c3ccccc3C=Cc3ccccc32)CC1,1
156,"[(2R,3R)-3-methyl-2,3-dihydro-1-benzofuran-2-yl]-piperidin-1-ylmethanone",C[C@@H]1c2ccccc2O[C@H]1C(=O)N1CCCCC1,0
450,Kinetin,c1coc(CNc2ncnc3nc[nH]c23)c1,0
527,DDT,Clc1ccc(C(c2ccc(Cl)cc2)C(Cl)(Cl)Cl)cc1,0
488,Disopyramide,CC(C)N(CC[C@@](C(N)=O)(c1ccccc1)c1ccccn1)C(C)C,0
841,Dibromsalicil,Cn1c2nc(Cl)nc-2c(O)n(C)c1=O,1
20,Cintriamide,COc1cc(/C=C/C(N)=O)cc(OC)c1OC,0
674,"1-[(2S)-2-hydroxy-3-(propylamino)propyl]-5-methyl-2-phenyl-4-(3-phenylpropanoyl)pyrazole-1,2-diium-3-one",CCCNC[C@H](O)Cn1c(C)c(C(=O)CCc2ccccc2)c(=O)n1-c1ccccc1,1
687,Buflomedil,COc1cc(OC)c(C(=O)CCCN2CCCC2)c(OC)c1,0
516,Puromycin,COc1ccc(C[C@@H](N)C(=O)N[C@@H]2[C@@H](CO)O[C@H](n3cnc4c(N(C)C)ncnc43)[C@@H]2O)cc1,0
13,Toxindole,Oc1ccc2[nH]cc(CCCCN3CC=C(c4ccccc4)CC3)c2c1,1
383,"4-{4-[2-(4-Chlorophenyl)ethyl]piperazin-1-yl}-5,6,7,8-tetrahydro-1,3,4b-triazafluorene-9-carbonitrile",N#Cc1c2n(c3c(N4CCN(CCc5ccc(Cl)cc5)CC4)ncnc13)CCCC2,1
323,"4-[5-(4-dimethylaminophenyl)-2-[4-[(E)-3-(dimethylamino)prop-1-enyl]phenyl]imidazol-3-ium-1-id-4-yl]-N,N-dimethylaniline",CN(C)C/C=C/c1ccc(-c2nc(-c3ccc(N(C)C)cc3)c(-c3ccc(N(C)C)cc3)[nH]2)cc1,1
107,"4-{4-[2-(3,4-Difluorophenyl)ethyl]piperazin-1-yl}-5,6,7,8-tetrahydro-1,3,4b-triazafluorene-9-carboxylic Acid Pyridin-3-ylamide",O=C(Nc1cccnc1)c1c2n(c3c(N4CCN(CCc5ccc(F)c(F)c5)CC4)ncnc13)CCCC2,1
234,Cycloheximide,C[C@H]1C[C@@H](C)C(=O)[C@@H]([C@H](O)CC2CC(=O)NC(=O)C2)C1,0
5,"N-[4-[2-[(2S)-3,4-dihydro-1H-isoquinolin-2-yl]ethyl]phenyl]-4-nitrobenzamide",O=C(Nc1ccc(CCN2CCc3ccccc3C2)cc1)c1ccc([N+](=O)[O-])cc1,1
640,Meglitinide,COc1ccc(Cl)cc1C(=O)NCCc1ccc(C(=O)O)cc1,0
101,Piperamide,CC(=O)Nc1ccc(N2CCN(CCCN(C)C)CC2)cc1,0
80,Bergenin,COc1c(O)cc2c(c1O)[C@@H]1O[C@@H](CO)[C@@H](O)[C@@H](O)[C@H]1OC2=O,0
474,ditert-butylbis(hydroxymethyl)-diphenylBLAHdicarboxylate,CC(C)(C)OC(=O)N1[C@H]2C3[C@H](c4ccccc4)C4(CO)[C@@H]1C1[C@H](c5ccccc5)C2(CO)[C@@H]3N(C(=O)OC(C)(C)C)[C@H]14,1
420,Aminophylline,Cn1c(=O)c2[nH]cnc2n(C)c1=O,0
269,"(2S)-3-[4-[(2R)-butan-2-yl]phenyl]-2-(4-propan-2-ylphenyl)-1,2-dihydroquinazolin-4-one",CC[C@@H](C)c1ccc(N2C(=O)c3ccccc3N[C@@H]2c2ccc(C(C)C)cc2)cc1,1
455,Propafenone,CCCNC[C@@H](O)COc1ccccc1C(=O)CCc1ccccc1,1
341,"methyl(E)-3-[4-[4,5-bis[4-[bis(prop-2-enyl)amino]phenyl]imidazol-2-yl]phenyl]prop-2-enoate",C=CCN(CC=C)c1ccc(-c2nc(-c3ccc(/C=C/C(=O)OC)cc3)[nH]c2-c2ccc(N(CC=C)CC=C)cc2)cc1,1
823,"1-N,4-N-diphenylbenzene-1,4-diamine",CCN(CC)C1CCCCC1,0
572,"2-[(4-cyclohexylbenzoyl)amino]-N-[2-[(2R)-6,7-dimethoxy-3,4-dihydro-1H-isoquinolin-2-yl]ethyl]benzamide",COc1cc2c(cc1OC)CN(CCNC(=O)c1ccccc1NC(=O)c1ccc(C3CCCCC3)cc1)CC2,1
362,Citiolone,CC(=O)N[C@@H]1CCSC1=O,0
268,"(2R)-2-[4-[(2S)-butan-2-yl]phenyl]-3-(4-chlorophenyl)-1,2-dihydroquinazolin-4-one",CC[C@H](C)c1ccc([C@@H]2Nc3ccccc3C(=O)N2c2ccc(Cl)cc2)cc1,1
104,Dextromethorphan,COc1ccc2c(c1)[C@@]13CCCC[C@H]1[C@@H](C2)N(C)CC3,0
769,Aztreonam,C[C@H]1[C@@H](NC(=O)/C(=N/OC(C)(C)C(=O)O)c2csc(N)n2)C(=O)N1S(=O)(=O)O,0
377,"2-Iodo-4-(4-phenethylpiperazin-1-yl)-5,6,7,8-tetrahydro-1,3,4b-triazofluorene-9-carbonitrile",N#Cc1c2n(c3c(N4CCN(CCc5ccccc5)CC4)nc(I)nc13)CCCC2,1
60,Methoxamine,COc1ccc(OC)c([C@@H](O)[C@H](C)N)c1,0
19,Phenethylamine,NCCc1ccccc1,0
342,methyl 3-(4-{4-[4-(dimethylamino)phenyl]-5-[4-(methylamino)phenyl]imidazol-2-yl}phenyl)prop-2-enoate,CNc1ccc(-c2[nH]c(-c3ccc(/C=C/C(=O)OC)cc3)nc2-c2ccc(N(C)C)cc2)cc1,1
311,2-(2-chlorophenyl)-4-pyrrolidin-1-ylquinazoline,Clc1ccccc1-c1nc(N2CCCC2)c2ccccc2n1,1
111,Desmethylazelastine,O=c1c2ccccc2c(Cc2ccc(Cl)cc2)nn1[C@H]1CCCNCC1,1
69,4-methoxyacridin-10-ium-9-one,COc1cccc2c(=O)c3ccccc3[nH]c12,1
388,Nitrarine,c1ccc2c3c([nH]c2c1)[C@H]1[C@H]2CC[C@@H]([C@H]4CCCNC42)N1CC3,0
437,"4-benzoyl-1-[(2S)-2-hydroxy-3-(propan-2-ylamino)propyl]-5-methyl-2-phenylpyrazole-1,2-diium-3-one",Cc1c(C(=O)c2ccccc2)c(=O)n(-c2ccccc2)n1C[C@@H](O)CNC(C)C,0
70,10-(3-chloropropyl)acridin-10-ium-9-one,O=c1c2ccccc2n(CCCCl)c2ccccc12,1
376,"4-{4-[2-(3,4-Difluorophenyl)ethyl]piperazin-1-yl}-5,6,7,8-tetrahydro-1,3,4b-triazafluorene-9-carbonitrile",N#Cc1c2n(c3c(N4CCN(CCc5ccc(F)c(F)c5)CC4)ncnc13)CCCC2,1
365,"[4-(4-Phenethylpiperazin-1-yl)-5,6,7,8-tetrahydro-1,3,4b-triazafluorene-9-yl]-phenylmethanone",O=C(c1ccccc1)c1c2n(c3c(N4CCN(CCc5ccccc5)CC4)ncnc13)CCCC2,1
828,Dieldrin,ClC1=C(Cl)[C@]2(Cl)[C@H]3[C@@H]4C[C@@H]([C@@H]5O[C@@H]45)[C@@H]3[C@@]1(Cl)C2(Cl)Cl,0
7,"4-amino-N-[4-[2-[(2S)-3,4-dihydro-1H-isoquinolin-2-yl]ethyl]phenyl]benzamide",Nc1ccc(C(=O)Nc2ccc(CCN3CCc4ccccc4C3)cc2)cc1,1
256,(1S)-1-[2-[(2S)-3-(dipropylamino)-2-hydroxypropoxy]phenyl]-3-phenylpropan-1-ol,CCCN(CCC)C[C@H](O)COc1ccccc1[C@@H](O)CCc1ccccc1,1
244,"[(3S,5S,6S,7S,8E,10S,11S,12Z,14E)-6-hydroxy-5,11-dimethoxy-3,7,9,15-tetramethyl-16,20,22-trioxo-21-(prop-2-enylamino)-17-azabicyclo[16.3.1]docosa-1(21),8,12,14,18-pentaen-10-yl]carbamate",C=CCNC1=C2C[C@H](C)C[C@H](OC)[C@@H](O)[C@@H](C)C=C(C)[C@H](OC(N)=O)[C@@H](OC)C=CC=C(C)C(=O)NC(=CC1=O)C2=O,1
700,"(2S,5S,6R,10R,11S)-5-benzyl-10-heptyl-6-hydroxy-2,4,11-trimethyl-1,9-dioxa-4-azacyclododecane-3,8,12-trione",CCCCCCC[C@H]1OC(=O)C[C@@H](O)[C@H](Cc2ccccc2)N(C)C(=O)[C@H](C)OC(=O)[C@H]1C,1
380,"4-(4-Phenethylpiperazine-1-yl)-5,6,7,8-tetrahydro-1,3,4b-triazafluorene-9-carbonitrile",N#Cc1c2n(c3c(N4CCN(CCc5ccccc5)CC4)ncnc13)CCCC2,1
101,1-[5-acetyl-4-[(2S)-2-hydroxy-3-[4-(2-methylphenyl)piperazin-1-yl]propoxy]-2-methylphenyl]ethanone,CC(=O)c1cc(C(C)=O)c(OC[C@@H](O)CN2CCN(c3ccccc3C)CC2)cc1C,1
381,"4-{4-[2-(2-Chlorophenyl)ethyl]piperazin-1-yl}-5,6,7,8-tetrahydro-1,3,4b-triazafluorene-9-carbonitrile",N#Cc1c2n(c3c(N4CCN(CCc5ccccc5Cl)CC4)ncnc13)CCCC2,1
816,"4-(2,4-dimorpholin-4-ylpyrimido[5,4-d]pyrimidin-6-yl)morpholine",c1nc(N2CCOCC2)nc2c(N3CCOCC3)nc(N3CCOCC3)nc12,0
549,Biperiden,O[C@](CCN1CCCCC1)(c1ccccc1)[C@H]1C[C@@H]2C=C[C@H]1C2,0
452,"9-methoxy-2,2,6-triphenyl-[1,3]dioxolo[4,5-g]chromen-8-one",COc1c2c(cc3oc(-c4ccccc4)cc(=O)c13)OC(c1ccccc1)(c1ccccc1)O2,1
439,N_N_DIMETHYLBENZYLAMI,c1ccc(Nc2ccc3ccccc3c2)cc1,0
650,Thiabendazole,c1ccc2[nH]c(-c3cscn3)nc2c1,0
786,Fentanyl,CCC(=O)N(c1ccccc1)C1CCN(CCc2ccccc2)CC1,1
275,Nicergoline,CO[C@]12C[C@@H](COC(=O)c3cncc(Br)c3)CN(C)[C@@H]1Cc1cn(C)c3cccc2c13,1
64,Folic acid,Nc1nc(=O)c2nc(CNc3ccc(C(=O)N[C@@H](CCC(=O)O)C(=O)O)cc3)cnc2[nH]1,0
201,Manidipine,COC(=O)C1=C(C)NC(C)=C(C(=O)OCCN2CCN(C(c3ccccc3)c3ccccc3)CC2)[C@H]1c1cccc([N+](=O)[O-])c1,1
534,Testosterone,C[C@@]12CCC(=O)C=C1CCC1[C@H]2CC[C@@]2(C)[C@H](O)CC[C@H]12,1
328,"4-{4,5-bis[4-(dimethylamino)phenyl]imidazol-2-yl}phenol",CN(C)c1ccc(-c2nc(-c3ccc(O)cc3)[nH]c2-c2ccc(N(C)C)cc2)cc1,1
704,"(2S,5S,6R,10R,11S)-5-benzyl-10-heptyl-6-(methoxymethoxy)-2,4,11-trimethyl-1,9-dioxa-4-azacyclododecane-3,8,12-trione",CCCCCCC[C@H]1OC(=O)C[C@@H](OCOC)[C@H](Cc2ccccc2)N(C)C(=O)[C@H](C)OC(=O)[C@H]1C,1
97,1-[3-[(2R)-2-hydroxy-3-[4-(2-methylphenyl)piperazin-1-yl]propoxy]phenyl]ethanone,CC(=O)c1cccc(OC[C@H](O)CN2CCN(c3ccccc3C)CC2)c1,1
378,"4-(4-Phenethylpiperazin-1-yl)-5,6,7,8-tetrahydro-1,3,4b-triazofluorene-9-carboxylic Acid Methyl Ester",COC(=O)c1c2n(c3c(N4CCN(CCc5ccccc5)CC4)ncnc13)CCCC2,1
839,1-[2-[(2R)-2-hydroxy-3-piperidin-1-ylpropoxy]phenyl]-3-naphthalen-1-ylpropan-1-one,O=C(CCc1cccc2ccccc12)c1ccccc1OC[C@H](O)CN1CCCCC1,1
589,"N-[2-[[4-[2-[(2S)-6,7-dimethoxy-3,4-dihydro-1H-isoquinolin-2-yl]ethyl]phenyl]carbamoyl]phenyl]pyridine-2-carboxamide",COc1cc2c(cc1OC)CN(CCc1ccc(NC(=O)c3ccccc3NC(=O)c3ccccn3)cc1)CC2,1
401,Clemastine,CN1CCC[C@H]1CCO[C@](C)(c1ccccc1)c1ccc(Cl)cc1,1
664,"2-[[2-[bis(2-hydroxyethyl)amino]-4,8-dimorpholin-4-ylpyrimido[5,4-d]pyrimidin-6-yl]-(2-hydroxyethyl)amino]ethanol",OCCN(CCO)c1nc(N2CCOCC2)c2nc(N(CCO)CCO)nc(N3CCOCC3)c2n1,0
309,"4-(2,4-dimorpholin-4-ylpyrimido[5,4-d]pyrimidin-8-yl)morpholine",c1nc(N2CCOCC2)c2nc(N3CCOCC3)nc(N3CCOCC3)c2n1,0
526,Mitotane,Clc1ccc([C@H](c2ccccc2Cl)C(Cl)Cl)cc1,0
137,Eburnamonine,CC[C@]12CCCN3CCc4c(n(c5ccccc45)C(=O)C1)[C@@H]32,0
495,Ergocryptine,CC(C)C[C@H]1C(=O)N2CCCC2[C@]2(O)O[C@@](NC(=O)[C@H]3C=C4c5cccc6[nH]cc(c56)C[C@H]4N(C)C3)(C(C)C)C(=O)N12,1
389,Pidrofen,C[C@H](C(=O)O)c1ccc(N2CC=CC2)c(Cl)c1,0
374,"2-[(2R,3S)-3-(3,4-dimethoxyphenyl)-2-(hydroxymethyl)-2,3-dihydro-1,4-benzodioxin-6-yl]-3,5,7-trihydroxychromen-4-one",COc1ccc([C@@H]2Oc3cc(-c4oc5cc(O)cc(O)c5c(=O)c4O)ccc3O[C@@H]2CO)cc1OC,1
44,Mafenide,NCc1ccc(S(N)(=O)=O)cc1,1
559,"N-[(2,3-dimethoxyphenyl)methyl]-2-[2-(3-methoxyphenyl)ethyl]aniline",COc1cccc(CCc2ccccc2NCc2cccc(OC)c2OC)c1,1
659,JTV 519,COc1ccc2c(c1)CN(C(=O)CCN1CCC(Cc3ccccc3)CC1)CCS2,1
653,"1-[4-[(2S)-3-(3,3-diphenylpropylamino)-2-hydroxypropoxy]phenyl]ethanone",CC(=O)c1ccc(OC[C@@H](O)CNCCC(c2ccccc2)c2ccccc2)cc1,1
484,Chlorpheniramine,CN(C)CC[C@H](c1ccc(Cl)cc1)c1ccccn1,0
490,Atorvastatin acid,CC(C)c1c(C(=O)Nc2ccccc2)c(-c2ccccc2)c(-c2ccc(F)cc2)n1CC[C@@H](O)C[C@@H](O)CC(=O)O,0
5,Orciprenaline,CC(C)NC[C@H](O)c1cc(O)cc(O)c1,0
584,Pyridoxine,Cc1ncc(CO)c(CO)c1O,0
25,Colchicine,COc1cc2c(c(OC)c1OC)[C@H]1CC[C@@H](OC)C(=O)C[C@@H]1[C@H](NC(C)=O)CC2,0
535,Cortisol(Hydrocortisone),C[C@@]12CCC(=O)C=C1CC[C@H]1[C@H]2[C@@H](O)C[C@@]2(C)[C@@H]1CC[C@@]2(O)C(=O)CO,0
259,Dinestrol,C/C=C(C(=C\C)\c1ccc(O)cc1)/c1ccc(O)cc1,0
59,Thiopental,CCC[C@@H](C)C1(CC)C(=O)NC(=S)NC1=O,0
159,Ganciclovir,Nc1nc(=O)c2ncn(COC(CO)CO)c2[nH]1,0
94,Delafantrine,CN1CCN(C(=O)c2cc(S(=O)(=O)N(C)C)ccc2N)CC1,0
615,3-phenyl-1-[2-(2-piperidin-1-ylethoxy)phenyl]propan-1-one,O=C(CCc1ccccc1)c1ccccc1OCCN1CCCCC1,1
91,Tetrazoline,c1ccc2c(c1)CN1CCCCC1=N2,0
199,Lobeline,CN1[C@@H](CC(=O)c2ccccc2)CCC[C@@H]1C[C@H](O)c1ccccc1,0
71,7-[(2S)-2-hydroxy-3-piperidin-1-ylpropoxy]-3-methylideneinden-1-one,C=C1CC(=O)c2c(OC[C@@H](O)CN3CCCCC3)cccc21,1
678,"(2S)-2-(4-methoxyphenyl)-3-(4-phenoxyphenyl)-1,2-dihydroquinazolin-4-one",COc1ccc([C@H]2Nc3ccccc3C(=O)N2c2ccc(Oc3ccccc3)cc2)cc1,1
628,4-[2-[4-[(E)-3-ethoxyprop-1-enyl]phenyl]imidazol-4-yl]-N-(2-methylpropyl)aniline,CCOC/C=C/c1ccc(-c2ncc(-c3ccc(NCC(C)C)cc3)[nH]2)cc1,1
708,"(2S,5S,6R,10R)-5-benzyl-10-heptyl-6-(methoxymethoxy)-4-methyl-2-propan-2-yl-1,9-dioxa-4-azacyclododecane-3,8,12-trione",CCCCCCC[C@@H]1CC(=O)O[C@@H](C(C)C)C(=O)N(C)[C@@H](Cc2ccccc2)[C@H](OCOC)CC(=O)O1,1
1,Propoxur,CNC(=O)Oc1ccccc1OC(C)C,0
603,Doxeipin,CN(C)CC/C=C1/c2ccccc2COc2ccccc21,1
96,"1-[3-[(2S)-3-[4-(2,3-dimethylphenyl)piperazin-1-yl]-2-hydroxypropoxy]phenyl]ethanone",CC(=O)c1cccc(OC[C@@H](O)CN2CCN(c3cccc(C)c3C)CC2)c1,1
49,Methylprednisolone,C[C@@H]1C[C@H]2[C@H]3CC[C@@](O)(C(=O)CO)[C@@]3(C)C[C@H](O)[C@H]2[C@@]2(C)C=CC(=O)C=C12,1
44,Sulfameter,COc1cnc(NS(=O)(=O)c2ccc(N)cc2)nc1,0
286,Paromomycin,NC[C@H]1O[C@@H](O[C@H]2[C@H](CO)O[C@@H](O[C@H]3[C@@H](O[C@H]4O[C@H](CO)[C@@H](O)[C@@H](O)[C@H]4N)[C@@H](N)C[C@@H](N)[C@@H]3O)[C@@H]2O)[C@@H](N)[C@@H](O)[C@H]1O,0
448,"(6Z)-6-[(1S)-1-phenylpropyl]-7-[(1R)-1-phenylpropyl]-5,8-dioxa-1,12-diazabicyclo[10.2.2]hexadec-6-ene",CC[C@H](C1=C([C@H](CC)c2ccccc2)OCCCN2CCN(CCCO1)CC2)c1ccccc1,0
47,Fluorometholone,CC(=O)[C@@]1(O)CC[C@@H]2[C@H]3C[C@H](C)C4=CC(=O)C=C[C@@]4(C)[C@]3(F)[C@H](O)C[C@@]21C,0
320,Benzmalecene,C[C@H](NC1=C(O)C=C1)[C@@H](Cc1ccc(Cl)cc1)c1ccc(Cl)cc1,0
222,4-methoxy-10-(3-piperidin-1-ylpropyl)acridin-10-ium-9-one,COc1cccc2c(=O)c3ccccc3n(CCCN3CCCCC3)c12,1
800,"5-chloro-N-[2-[(2R)-6,7-dimethoxy-3,4-dihydro-1H-isoquinolin-2-yl]ethyl]-2-[(4-propan-2-ylbenzoyl)amino]benzamide",COc1cc2c(cc1OC)CN(CCNC(=O)c1cc(Cl)ccc1NC(=O)c1ccc(C(C)C)cc1)CC2,1
285,Gallamine,Cc1[nH]ccc2c1[nH]c1cc(=O)ccc12,0
744,Fenvalerate,CC(C)[C@H](C(=O)O[C@H](C#N)c1cccc(Oc2ccccc2)c1)c1ccc(Cl)cc1,0
193,Sulfapyridine,Nc1ccc(S(=O)(=O)Nc2ccccn2)cc1,0
29,"4-(2,4-dimorpholin-4-ylpteridin-7-yl)morpholine",c1nc2c(N3CCOCC3)nc(N3CCOCC3)nc2nc1N1CCOCC1,0
248,Cortisone,C[C@]12CC(=O)[C@H]3[C@@H](CCC4=CC(=O)CC[C@@]43C)[C@H]1CC[C@@]2(O)C(=O)CO,0
574,N-acetylmuramate,CC(=O)N[C@@H]1[C@@H](O)O[C@H](CO)[C@@H](O)[C@@H]1O[C@@H](C)C(=O)O,0
685,Picrotoxinin,C=C(C)[C@H]1[C@@H]2OC(=O)[C@@H]1[C@@]1(O)C[C@@H]3O[C@]34C(=O)O[C@H]2[C@@]14C,0
254,(2S)-1-[di(propan-2-yl)amino]-3-[2-[(1S)-1-methoxy-3-phenylpropyl]phenoxy]propan-2-ol,CO[C@@H](CCc1ccccc1)c1ccccc1OC[C@@H](O)CN(C(C)C)C(C)C,1
348,"3-(4-{4,5-bis[4-(dimethylamino)phenyl]imidazol-2-yl}phenyl)prop-2-enenitrile",CN(C)c1ccc(-c2nc(-c3ccc(/C=C/C#N)cc3)[nH]c2-c2ccc(N(C)C)cc2)cc1,1
140,Isocorydine,COc1ccc2c(c1O)-c1c(OC)c(OC)cc3c1[C@H](C2)N(C)CC3,0
732,"N-[2-[[4-[2-[(2R)-6,7-dimethoxy-3,4-dihydro-1H-isoquinolin-2-yl]ethyl]phenyl]carbamoyl]phenyl]-3,4-dimethylbenzamide",COc1cc2c(cc1OC)CN(CCc1ccc(NC(=O)c3ccccc3NC(=O)c3ccc(C)c(C)c3)cc1)CC2,1
161,Nitrendipine,CCOC(=O)C1=C(C)NC(C)=C(C(=O)OC)[C@H]1c1cccc([N+](=O)[O-])c1,1
211,"(2R)-2-(2-piperidin-1-ylethyl)-2,3-dihydrochromen-4-one",O=C1C[C@@H](CCN2CCCCC2)Oc2ccccc21,0
73,Diphenylpyraline,CN1CCC(OC(c2ccccc2)c2ccccc2)CC1,0
471,"2-[[2-[bis(2-hydroxyethyl)amino]-4-piperidin-1-ylpyrimido[5,4-d]pyrimidin-6-yl]-(2-hydroxyethyl)amino]ethanol",OCCN(CCO)c1nc(N2CCCCC2)c2nc(N(CCO)CCO)ncc2n1,0
274,Genistein,O=c1c(-c2ccc(O)cc2)coc2cc(O)cc(O)c12,0
444,"N-[4-[10-cyano-4-(4-phenethylpiperazin-1-yl)-6,7,8,9-tetrahydropyrimido[4,5-b]indolizin-5-ium-1-id-2-yl]phenyl]acetamide",CC(=O)Nc1ccc(-c2nc(N3CCN(CCc4ccccc4)CC3)c3c(n2)c(C#N)c2n3CCCC2)cc1,1
725,10-[4-[4-(2-hydroxyethyl)piperazin-1-yl]butyl]acridin-10-ium-9-one,O=c1c2ccccc2n(CCCCN2CCN(CCO)CC2)c2ccccc12,1
240,Diazepam,CN1C(=O)CN=C(c2ccccc2)c2cc(Cl)ccc21,0
208,"9-(5-Methyl[1,2,4]oxadiazol-3-yl)-4-(4-phenethylpiperazin-1-yl)-5,6,7,8-tetrahydro-1,3,4b-triazafluorene",COc1cccc(CNC(=O)c2c3n(c4c(N5CCN(CCc6ccc(F)c(F)c6)CC5)ncnc24)CCCC3)c1OC,1
620,Tolazamide,Cc1ccc(S(=O)(=O)NC(=O)NN2CCCCCC2)cc1,0
671,"N-[2-[2-[(2S)-6,7-dimethoxy-3,4-dihydro-1H-isoquinolin-2-yl]ethylcarbamoyl]phenyl]naphthalene-2-carboxamide",COc1cc2c(cc1OC)CN(CCNC(=O)c1ccccc1NC(=O)c1ccc3ccccc3c1)CC2,1
59,Clorgyline,C#CCN(C)CCCOc1ccc(Cl)cc1Cl,0
387,1-[2-[(2R)-2-hydroxy-3-pyrrolidin-1-ylpropoxy]phenyl]-3-phenylpropan-1-one,O=C(CCc1ccccc1)c1ccccc1OC[C@H](O)CN1CCCC1,1
80,Loxapine,CN1CCN(C2=Nc3ccccc3Oc3ccc(Cl)cc32)CC1,1
820,Semustine,CC1CCC(NC(=O)N(CCCl)N=O)CC1,0
99,"1-[2-[(2R)-3-[4-(2,3-dimethylphenyl)piperazin-1-yl]-2-hydroxypropoxy]phenyl]ethanone",CC(=O)c1ccccc1OC[C@H](O)CN1CCN(c2cccc(C)c2C)CC1,1
276,Fipexide,O=C(COc1ccc(Cl)cc1)N1CCN(Cc2ccc3c(c2)OCO3)CC1,1
730,"N-[4-[2-[(2R)-6,7-dimethoxy-3,4-dihydro-1H-isoquinolin-2-yl]ethyl]phenyl]-2-[(4-methylbenzoyl)amino]benzamide",COc1cc2c(cc1OC)CN(CCc1ccc(NC(=O)c3ccccc3NC(=O)c3ccc(C)cc3)cc1)CC2,1
623,Zolpidem,Cc1ccc(-c2nc3ccc(C)cn3c2CC(=O)N(C)C)cc1,0
641,Amrinone,Nc1cc(-c2ccncc2)c[nH]c1=O,0
45,Fluvoxamine,COCCCC/C(=N/OCCN)c1ccc(C(F)(F)F)cc1,0
15,N-tert-butyl-N'-[(E)-(2-hydroxy-3-methoxyphenyl)methylideneamino]oxamide,COc1cccc(/C=N/NC(=O)C(=O)NC(C)(C)C)c1O,0
745,"N-[2-[[4-[2-[(2S)-6,7-dimethoxy-3,4-dihydro-1H-isoquinolin-2-yl]ethyl]phenyl]carbamoyl]phenyl]quinoline-3-carboxamide",COc1cc2c(cc1OC)CN(CCc1ccc(NC(=O)c3ccccc3NC(=O)c3cnc4ccccc4c3)cc1)CC2,1
174,Pumafentrine,CCOc1cc2c(cc1OC)C(c1ccc(C(=O)N(C(C)C)C(C)C)cc1)=N[C@@H]1CCN(C)C[C@H]21,1
506,1-Benzylimidazole,c1ccc(Cn2ccnc2)cc1,0
0,"N-[4-[2-[(2S)-6,7-dimethoxy-3,4-dihydro-1H-isoquinolin-2-yl]ethyl]phenyl]-2-nitrobenzamide",COc1cc2c(cc1OC)CN(CCc1ccc(NC(=O)c3ccccc3[N+](=O)[O-])cc1)CC2,1
93,1-[4-[(2S)-3-[4-(4-fluorophenyl)piperazin-1-yl]-2-hydroxypropoxy]phenyl]ethanone,CC(=O)c1ccc(OC[C@@H](O)CN2CCN(c3ccc(F)cc3)CC2)cc1,1
564,(2S)-1-[2-[(1S)-3-phenyl-1-propan-2-yloxypropyl]phenoxy]-3-piperidin-1-ylpropan-2-ol,CC(C)O[C@@H](CCc1ccccc1)c1ccccc1OC[C@@H](O)CN1CCCCC1,1
703,"(2S,5S,6R,10S,11R)-5-benzyl-10-heptyl-6-(methoxymethoxy)-4,11-dimethyl-2-propan-2-yl-1,9-dioxa-4-azacyclododecane-3,8,12-trione",CCCCCCC[C@@H]1OC(=O)C[C@@H](OCOC)[C@H](Cc2ccccc2)N(C)C(=O)[C@H](C(C)C)OC(=O)[C@@H]1C,1
181,"(2R)-1-[4-(6,11-dihydro-5H-dibenzo[BLAH,BLAH][7]annulen-11-yl)piperazin-1-yl]-3-quinolin-5-yloxypropan-2-ol",O[C@@H](COc1cccc2ncccc12)CN1CCN(C2c3ccccc3CCc3ccccc32)CC1,1
515,Mitoxantrone,O=C1c2c(O)ccc(O)c2C(=O)c2c(NCCNCCO)ccc(NCCNCCO)c21,0
404,10-(4-piperidin-1-ylbutyl)acridin-10-ium-9-one,O=c1c2ccccc2n(CCCCN2CCCCC2)c2ccccc12,1
104,1-[2-[(2S)-2-hydroxy-3-[4-(2-methylphenyl)piperazin-1-yl]propoxy]-5-methylphenyl]ethanone,CC(=O)c1cc(C)ccc1OC[C@@H](O)CN1CCN(c2ccccc2C)CC1,1
190,1-[2-[(2S)-2-hydroxy-3-morpholin-4-ylpropoxy]phenyl]propan-1-one,CCC(=O)c1ccccc1OC[C@H](O)CN1CCOCC1,0
462,1-[2-[(2R)-2-hydroxy-3-(propylamino)propoxy]phenyl]-3-phenylpropan-1-one,CCCNC[C@H](O)COc1ccccc1C(=O)CCc1ccccc1,1
670,"N-[2-[2-[(2R)-6,7-dimethoxy-3,4-dihydro-1H-isoquinolin-2-yl]ethylcarbamoyl]phenyl]isoquinoline-3-carboxamide",COc1cc2c(cc1OC)CN(CCNC(=O)c1ccccc1NC(=O)c1cc3ccccc3cn1)CC2,1
798,"2-[(4-tert-butylbenzoyl)amino]-N-[2-[(2R)-6,7-dimethoxy-3,4-dihydro-1H-isoquinolin-2-yl]ethyl]benzamide",COc1cc2c(cc1OC)CN(CCNC(=O)c1ccccc1NC(=O)c1ccc(C(C)(C)C)cc1)CC2,1
690,Calycanthine,CN1CC[C@@]23c4ccccc4N[C@@H]1[C@@]21CCN(C)[C@H]3Nc2ccccc21,0
58,Methocarbamol,COc1ccccc1OC[C@H](O)COC(N)=O,0
42,Lucidril,CN(C)CCOC(=O)COc1ccc(Cl)cc1,0
821,Gabapentin,NCC1(CC(=O)O)CCCCC1,0
836,"[(2S,3S,4S)-2-methyl-4-pyrrolidin-1-yl-1,2,3,4-tetrahydroquinolin-3-yl]4-methylbenzoate",Cc1ccc(C(=O)O[C@H]2[C@H](C)Nc3ccccc3[C@@H]2N2CCCC2)cc1,1
151,1-[2-[(2S)-2-hydroxy-3-(4-nitroanilino)propoxy]phenyl]-3-phenylpropan-1-one,O=C(CCc1ccccc1)c1ccccc1OC[C@@H](O)CNc1ccc([N+](=O)[O-])cc1,1
531,Methoxychlor,COc1ccc(C(c2ccc(OC)cc2)C(Cl)(Cl)Cl)cc1,0
111,Amiodarone,CCCCc1oc2ccccc2c1C(=O)c1cc(I)c(OCCN(CC)CC)c(I)c1,1
525,Diphenamid,CN(C)C(=O)C(c1ccccc1)c1ccccc1,0
550,Antazoline,c1ccc(CN(CC2=NCCN2)c2ccccc2)cc1,1
382,"{4-[2-(3-Chlorophenyl)ethyl]piperazin-1-yl}-5,6,7,8-tetrahydro-1,3,4b-triazafluorene-9-carbonitrile",N#Cc1c2n(c3c(N4CCN(CCc5cccc(Cl)c5)CC4)ncnc13)CCCC2,1
324,"4-{4,5-bis[4-(dimethylamino)phenyl]-1-hexyl-1H-imidazol-2-yl}benzoic acid",CCCCCCn1c(-c2ccc(C(=O)O)cc2)nc(-c2ccc(N(C)C)cc2)c1-c1ccc(N(C)C)cc1,1
15,Azaconazole,Clc1ccc(C2(Cn3cncn3)OCCO2)c(Cl)c1,0
465,1-[2-[(2R)-2-hydroxy-3-[methyl(propyl)amino]propoxy]phenyl]-3-phenylpropan-1-one,CCCN(C)C[C@@H](O)COc1ccccc1C(=O)CCc1ccccc1,1
522,"2,2-diphenylethanamine",NCC(c1ccccc1)c1ccccc1,0
205,Naringin,C[C@@H]1O[C@H](O[C@@H]2[C@@H](Oc3cc(O)c4c(c3)O[C@H](c3ccc(O)cc3)CC4=O)O[C@@H](CO)[C@@H](O)[C@H]2O)[C@H](O)[C@H](O)[C@H]1O,0
110,1-[3-[2-[2-(3-methoxyphenyl)ethyl]phenoxy]propyl]-4-methylpiperazine,COc1cccc(CCc2ccccc2OCCCN2CCN(C)CC2)c1,1
53,4-[2-[4-[(E)-3-ethoxyprop-1-enyl]phenyl]-5-(4-pyrrolidin-1-ylphenyl)imidazol-4-yl]-N-methylaniline,CCOC/C=C/c1ccc(-c2nc(-c3ccc(NC)cc3)c(-c3ccc(N4CCCC4)cc3)[nH]2)cc1,1
556,Triamterene,Nc1nc(N)c2nc(-c3ccccc3)c(N)nc2n1,0
39,1-[4-[2-[2-(3-methoxyphenyl)ethyl]phenoxy]butyl]-4-methylpiperazine,COc1cccc(CCc2ccccc2OCCCCN2CCN(C)CC2)c1,1
459,2-[2-(3-phenylpropanoyl)phenoxy]aceticacid,O=C(O)COc1ccccc1C(=O)CCc1ccccc1,0
441,Bepridil,CC(C)COC[C@H](CN(Cc1ccccc1)c1ccccc1)N1CCCC1,1
129,"4-Phenethylamino-4a,5,6,7,8,9a-hexahydro-1,3,4b-triazafluorene-carbonitrile",N#Cc1c2n(c3c(NCCc4ccccc4)ncnc13)CCCC2,1
88,"1,2-dimethoxy-4-[[2-[2-(3-methoxyphenyl)ethyl]phenoxy]methyl]benzene",COc1cccc(CCc2ccccc2OCc2ccc(OC)c(OC)c2)c1,1
56,Mephentermine,CNCC(C)(C)c1ccccc1,0
2,"2-amino-N-[4-[2-[(2S)-6,7-dimethoxy-3,4-dihydro-1H-isoquinolin-2-yl]ethyl]phenyl]benzamide",COc1cc2c(cc1OC)CN(CCc1ccc(NC(=O)c3ccccc3N)cc1)CC2,1
477,Flavoxate,Cc1c(-c2ccccc2)oc2c(C(=O)OCCN3CCCCC3)cccc2c1=O,1
76,Succinylsulfathiazole,O=C(O)CCC(=O)Nc1ccc(S(=O)(=O)Nc2nccs2)cc1,0
246,(5-acetyloxy-4-oxo-7-phenoxy-2-phenylchromen-6-yl)acetate,CC(=O)Oc1c(Oc2ccccc2)cc2oc(-c3ccccc3)cc(=O)c2c1OC(C)=O,1
87,"1,2-dimethoxy-4-[(2-phenethylphenoxy)methyl]benzene",COc1ccc(COc2ccccc2CCc2ccccc2)cc1OC,1
795,"(2R)-2-[3-[2-[2-(3-methoxyphenyl)ethyl]phenoxy]propyl]-3,4-dihydro-1H-isoquinoline",COc1cccc(CCc2ccccc2OCCCN2CCc3ccccc3C2)c1,1
88,Diclofenac,O=C(O)Cc1ccccc1Nc1c(Cl)cccc1Cl,0
645,Remerine,CN1CCc2cc3c(c4c2[C@@H]1Cc1ccccc1-4)OCO3,0
586,"6-(3,5-dimethylpyrazol-1-yl)-N-[(E)-pyridin-3-ylmethylideneamino]-1,2,4,5-tetrazin-3-amine",Cc1cc(C)n(-c2nnc(N/N=C/c3cccnc3)nn2)n1,0
17,Acebutolol,CCCC(=O)Nc1ccc(OC[C@H](O)CNC(C)C)c(C(C)=O)c1,0
60,2-[4-[4-[2-[2-(3-methoxyphenyl)ethyl]phenoxy]butyl]piperazin-1-yl]pyrimidine,COc1cccc(CCc2ccccc2OCCCCN2CCN(c3ncccn3)CC2)c1,1
845,Spiperone,O=C(CCCN1CCC2(CC1)C(=O)NCN2c1ccccc1)c1ccc(F)cc1,1
135,GF120918(Elacridar),COc1cc2c(cc1OC)CN(CCc1ccc(NC(=O)c3cccc4c(=O)c5cccc(OC)c5[nH]c34)cc1)CC2,1
733,"N-[4-[2-[(2S)-6,7-dimethoxy-3,4-dihydro-1H-isoquinolin-2-yl]ethyl]phenyl]-2-[(3-methoxybenzoyl)amino]benzamide",COc1cccc(C(=O)Nc2ccccc2C(=O)Nc2ccc(CCN3CCc4cc(OC)c(OC)cc4C3)cc2)c1,1
697,"(5S,6R,10R,11S)-5-benzyl-10-heptyl-6-hydroxy-2,2,4,11-tetramethyl-1,9-dioxa-4-azacyclododecane-3,8,12-trione",CCCCCCC[C@H]1OC(=O)C[C@@H](O)[C@H](Cc2ccccc2)N(C)C(=O)C(C)(C)OC(=O)[C@H]1C,1
415,Gliclazide,Cc1ccc(S(=O)(=O)NC(=O)NN2C[C@H]3CCC[C@H]3C2)cc1,0
483,Rotoxamine,CN(C)CCO[C@H](c1ccc(Cl)cc1)c1ccccn1,0
521,Medrylamine,COc1ccc(C(OCCN(C)C)c2ccccc2)cc1,0
37,"(2R)-1-(3,3-diphenylpropylamino)-3-[2-[(1S)-1-methoxy-3-phenylpropyl]phenoxy]propan-2-ol",CO[C@@H](CCc1ccccc1)c1ccccc1OC[C@H](O)CNCCC(c1ccccc1)c1ccccc1,1
91,1-[2-[(2S)-3-(4-benzylpiperazin-1-yl)-2-hydroxypropoxy]phenyl]-3-phenylpropan-1-one,O=C(CCc1ccccc1)c1ccccc1OC[C@@H](O)CN1CCN(Cc2ccccc2)CC1,1
734,Eltoprazine,c1cc2c(c(N3CCNCC3)c1)OCCO2,0
403,Camptothecin,CC[C@@]1(O)C(=O)OCc2c1cc1n(c2=O)Cc2cc3ccccc3nc2-1,0
172,10-(3-morpholin-4-ylpropyl)acridin-10-ium-9-one,O=c1c2ccccc2n(CCCN2CCOCC2)c2ccccc12,1
476,Karakoline,CCN1C[C@]2(C)CC[C@@H](O)[C@]34[C@@H]5C[C@@H]6[C@@H](OC)C[C@](O)([C@@H](C[C@H]23)[C@@H]14)[C@H]5[C@@H]6O,0
783,Cinpropazide,COc1cc(/C=C/C2=C(NC(C)C)CN3CCN2CC3)cc(OC)c1OC,0
16,Propiconazole,CCC[C@@H]1CO[C@@](Cn2cncn2)(c2ccc(Cl)cc2Cl)O1,0
100,1-(2-methoxyphenyl)-4-[4-[2-[2-(3-methoxyphenyl)ethyl]phenoxy]butyl]piperazine,COc1cccc(CCc2ccccc2OCCCCN2CCN(c3ccccc3OC)CC2)c1,1
851,"4-{5-[4-(dimethylamino)phenyl]-2-{4-[3-(piperidin-1-yl)prop-1-en-1-yl]phenyl}imidazol-4-yl}-N,N-dimethylaniline",CN(C)c1ccc(-c2nc(-c3ccc(/C=C/CN4CCCCC4)cc3)[nH]c2-c2ccc(N(C)C)cc2)cc1,1
16,Homovertrylamine,COc1ccc(CCN)cc1OC,0
538,Fludrocortisone,C[C@]12C[C@H](O)[C@]3(F)[C@H](CCC4=CC(=O)CC[C@]43C)[C@H]1CC[C@@]2(O)C(=O)CO,0
23,Alprenolol,C=CCc1ccccc1OC[C@H](O)CNC(C)C,0
319,"N-[2-[[4-[2-[(2R)-6,7-dimethoxy-3,4-dihydro-1H-isoquinolin-2-yl]ethyl]phenyl]carbamoyl]phenyl]-5,6,7,8-tetrahydroquinoline-3-carboxamide",COc1cc2c(cc1OC)CN(CCc1ccc(NC(=O)c3ccccc3NC(=O)c3cnc4c(c3)CCCC4)cc1)CC2,1
826,Propericiazine,N#Cc1ccc2c(c1)N(CCCN1CCC(O)CC1)c1ccccc1S2,0
32,Oxybutynin,CCN(CC)CC#CCOC(=O)[C@](O)(c1ccccc1)C1CCCCC1,1
673,"1-[(2S)-3-(tert-butylamino)-2-hydroxypropyl]-5-methyl-2-phenyl-4-(3-phenylpropanoyl)pyrazole-1,2-diium-3-one",Cc1c(C(=O)CCc2ccccc2)c(=O)n(-c2ccccc2)n1C[C@@H](O)CNC(C)(C)C,1
530,Benactyzine,CCN(CC)CCOC(=O)C(O)(c1ccccc1)c1ccccc1,0
152,N-[(2S)-2-hydroxy-3-[2-(3-phenylpropanoyl)phenoxy]propyl]-N-phenylpropanamide,CCC(=O)N(C[C@H](O)COc1ccccc1C(=O)CCc1ccccc1)c1ccccc1,1
445,"4-[4-[2-(3,4-difluorophenyl)ethyl]piperazin-1-yl]-2-(2-methylphenyl)-6,7,8,9-tetrahydropyrimido[4,5-b]indolizin-5-ium-1-ide-10-carbonitrile",Cc1ccccc1-c1nc(N2CCN(CCc3ccc(F)c(F)c3)CC2)c2c(n1)c(C#N)c1n2CCCC1,1
385,"4-{4-[2-(4-Nitrophenyl)ethyl]piperazin-1-yl}-5,6,7,8-tetrahydro-1,3,4b-triazafluorene-9-carbonitrile",N#Cc1c2n(c3c(N4CCN(CCc5ccc([N+](=O)[O-])cc5)CC4)ncnc13)CCCC2,1
106,Cinepazic acid,COc1cc(/C=C/C(=O)N2CCN(CC(=O)O)CC2)cc(OC)c1OC,0
32,N-chloro-1-(2-chlorophenyl)methanamine,ClNCc1ccccc1Cl,0
109,Indinavir,CC(C)(C)NC(=O)[C@@H]1CN(Cc2cccnc2)CCN1C[C@H](O)C[C@H](Cc1ccccc1)C(=O)N[C@@H]1c2ccccc2C[C@@H]1O,0
74,10-(4-chlorobutyl)acridin-10-ium-9-one,O=c1c2ccccc2n(CCCCCl)c2ccccc12,1
844,Loucarbate,CCN(CC)CCOCCOC(=O)C1(c2ccccc2)CCCC1,0
87,Meclofenamic Acid,Cc1ccc(Cl)c(Nc2ccccc2C(=O)O)c1Cl,0
160,Felodipine,CCOC(=O)C1=C(C)NC(C)=C(C(=O)OC)[C@H]1c1cccc(Cl)c1Cl,0
492,Clonidine,Clc1cccc(Cl)c1NC1=NCCN1,0
48,Clobetasol,CCC(=O)O[C@]1(C(=O)CCl)[C@H](C)C[C@@H]2[C@H]3CCC4=CC(=O)C=C[C@@]4(C)[C@@]3(F)[C@H](O)C[C@]21C,0
811,Tamolarizine,COc1ccc([C@@H](O)CN2CCN(C(c3ccccc3)c3ccccc3)CC2)cc1OC,1
358,Warfarin,CC(=O)C[C@@H](c1ccccc1)c1c(O)c2ccccc2oc1=O,0
218,Tilorone,CCN(CC)CCOc1ccc2c(c1)C(=O)c1cc(OCCN(CC)CC)ccc1-2,0
24,1-[2-[2-[2-(3-methoxyphenyl)ethyl]phenoxy]ethyl]-4-methylpiperazine,COc1cccc(CCc2ccccc2OCCN2CCN(C)CC2)c1,1
689,Zimeldine,CN(C)C/C=C(/c1ccc(Br)cc1)c1cccnc1,0
475,Delsoline,CCN1C[C@]2(COC)CC[C@@H](O)[C@@]34[C@H]5C[C@H]6[C@H](OC)C[C@](O)([C@H]5[C@@H]6OC)[C@@](O)([C@@H](OC)[C@@H]23)[C@@H]14,0
355,"3-(4-{4,5-bis[4-(dimethylamino)phenyl]imidazol-2-yl}phenyl)prop-2-en-1-yl N,N-diethylcarbamate",CCN(CC)C(=O)OC/C=C/c1ccc(-c2nc(-c3ccc(N(C)C)cc3)c(-c3ccc(N(C)C)cc3)[nH]2)cc1,1
577,1-Phenylpiperazine,c1ccc(CN2CCNCC2)cc1,0
402,"1-[3-[(2R)-3-(3,3-diphenylpropylamino)-2-hydroxypropoxy]phenyl]-3-phenylpropan-1-one",O=C(CCc1ccccc1)c1cccc(OC[C@H](O)CNCCC(c2ccccc2)c2ccccc2)c1,1
187,1-[3-[(2R)-2-hydroxy-3-morpholin-4-ylpropoxy]phenyl]ethanone,CC(=O)c1cccc(OC[C@H](O)CN2CCOCC2)c1,0
850,3-[(2-phenethylphenoxy)methyl]pyridine,c1ccc(CCc2ccccc2OCc2cccnc2)cc1,0
305,(1R)-1-(3-ethyl-1-benzofuran-2-yl)-2-(propylamino)ethanol,CCCNC[C@@H](O)c1oc2ccccc2c1CC,1
335,"4-{2-[4-(3-ethoxyprop-1-en-1-yl)phenyl]-5-[4-(methylamino)phenyl]imidazol-4-yl}-N,N-diethylaniline",CCOC/C=C/c1ccc(-c2nc(-c3ccc(NC)cc3)c(-c3ccc(N(CC)CC)cc3)[nH]2)cc1,1
73,10-[3-[bis(2-hydroxyethyl)amino]propyl]-4-methoxyacridin-10-ium-9-one,COc1cccc2c(=O)c3ccccc3n(CCCN(CCO)CCO)c12,1
532,Diphenhydramine,CN(C)CCOC(c1ccccc1)c1ccccc1,0
50,Buthethamate,CC[C@H](C(=O)OCCN(CC)CC)c1ccccc1,0
40,Tiapride,CCN(CC)CCNC(=O)c1cc(S(C)(=O)=O)ccc1OC,1
332,"4-[5-(4-dimethylaminophenyl)-2-[4-[(E)-3-ethoxyprop-1-enyl]phenyl]imidazol-4-yl]-N,N-dimethylaniline",CCOC/C=C/c1ccc(-c2nc(-c3ccc(N(C)C)cc3)c(-c3ccc(N(C)C)cc3)[nH]2)cc1,1
575,Streptozocin,CN(N=O)C(=O)N[C@@H]1[C@@H](O)O[C@H](CO)[C@@H](O)[C@@H]1O,0
31,Bambuterol,CN(C)C(=O)Oc1cc(OC(=O)N(C)C)cc([C@H](O)CNC(C)(C)C)c1,0
497,Tadjakonine,C=C1C[C@@]23C[C@@H]4[C@@H]5[C@]6(C)C[C@H](OC(=O)c7ccccc7)[C@@H](OC(C)=O)[C@]57[C@H]([C@@H]2[C@@H](O)[C@@H]1[C@H](OC(C)=O)[C@H]37)N4C6,0
117,Sulfisoxazole,Cc1noc(NS(=O)(=O)c2ccc(N)cc2)c1C,0
520,Isopropamide,CC(C)N(CCC(C(N)=O)(c1ccccc1)c1ccccc1)C(C)C,0
705,"(5S,6R,10R,11S)-5-benzyl-10-heptyl-6-hydroxy-4,11-dimethyl-1,9-dioxa-4-azacyclododecane-3,8,12-trione",CCCCCCC[C@H]1OC(=O)C[C@@H](O)[C@H](Cc2ccccc2)N(C)C(=O)COC(=O)[C@H]1C,1
423,Norfloxacin,CCn1cc(C(=O)O)c(=O)c2cc(F)c(N3CCNCC3)cc21,0
692,"(2S,5S,6R,11S)-5-benzyl-6-hydroxy-4,11-dimethyl-2-propan-2-yl-1,9-dioxa-4-azacyclododecane-3,8,12-trione",CC(C)[C@@H]1OC(=O)[C@@H](C)COC(=O)C[C@@H](O)[C@H](Cc2ccccc2)N(C)C1=O,1
627,4-[2-[4-[(E)-3-ethoxyprop-1-enyl]phenyl]imidazol-4-yl]-N-propan-2-ylaniline,CCOC/C=C/c1ccc(-c2ncc(-c3ccc(NC(C)C)cc3)[nH]2)cc1,1
424,Fleroxacin,CN1CCN(c2c(F)cc3c(=O)c(C(=O)O)cn(CCF)c3c2F)CC1,0
119,"N-[2-[[4-[[(2S)-6,7-dimethoxy-3,4-dihydro-1H-isoquinolin-2-yl]methyl]phenyl]carbamoyl]phenyl]quinoline-3-carboxamide",COc1cc2c(cc1OC)CN(Cc1ccc(NC(=O)c3ccccc3NC(=O)c3cnc4ccccc4c3)cc1)CC2,1
270,4-[[2-[2-(3-methoxyphenyl)ethyl]phenoxy]methyl]pyridine,COc1cccc(CCc2ccccc2OCc2ccncc2)c1,1
581,Gramine,CN(C)Cc1c[nH]c2ccccc12,1
601,1-Phenethylpiperidine,c1ccc(CCN2CCCCC2)cc1,0
209,"4-imino-4-[4-(4-methoxyphenyl)-5-sulfanylidene-1H-1,2,4-triazol-3-yl]butanamide",COc1ccc(-n2c(C(=N)CCC(N)=O)n[nH]c2=S)cc1,0
36,Gamfexine,CN(C)CC[C@@H](c1ccccc1)C1CCCCC1,0
262,Hexetrol,CC[C@H](c1ccc(O)cc1)[C@@H](CC)c1ccc(O)cc1,0
651,Ketoconazole,CC(=O)N1CCN(c2ccc(OC[C@@H]3CO[C@@](Cn4ccnc4)(c4ccc(Cl)cc4Cl)O3)cc2)CC1,1
639,Phenindione,O=C1c2ccccc2C(=O)C1c1ccccc1,0
654,"2-[(4-cyclohexyloxybenzoyl)amino]-N-[2-[(2R)-6,7-dimethoxy-3,4-dihydro-1H-isoquinolin-2-yl]ethyl]benzamide",COc1cc2c(cc1OC)CN(CCNC(=O)c1ccccc1NC(=O)c1ccc(OC3CCCCC3)cc1)CC2,1
707,"(2S,5S,6R,10R)-5-benzyl-10-heptyl-6-hydroxy-4-methyl-2-propan-2-yl-1,9-dioxa-4-azacyclododecane-3,8,12-trione",CCCCCCC[C@@H]1CC(=O)O[C@@H](C(C)C)C(=O)N(C)[C@@H](Cc2ccccc2)[C@H](O)CC(=O)O1,1
75,10-(4-chlorobutyl)-4-methoxyacridin-10-ium-9-one,COc1cccc2c(=O)c3ccccc3n(CCCCCl)c12,1
108,Flumazenil,CCOC(=O)c1ncn2c1CN(C)C(=O)c1cc(F)ccc1-2,0
397,Furaltadon,O=C1O[C@@H](CN2CCOCC2)CN1/N=C/c1ccc([N+](=O)[O-])o1,0
691,"(2S,5S,6R,10R,11S)-5-benzyl-10-heptyl-6-(methoxymethoxy)-4,11-dimethyl-2-propan-2-yl-1,9-dioxa-4-azacyclododecane-3,8,12-trione",CCCCCCC[C@H]1OC(=O)C[C@@H](OCOC)[C@H](Cc2ccccc2)N(C)C(=O)[C@H](C(C)C)OC(=O)[C@H]1C,1
21,(1S)-2-[4-(2-methoxyphenyl)piperazin-1-yl]-1-(3-phenethyl-1-benzofuran-2-yl)ethanol,COc1ccccc1N1CCN(C[C@H](O)c2oc3ccccc3c2CCc2ccccc2)CC1,1
105,1-[2-[(2R)-2-hydroxy-3-[4-(2-methylphenyl)piperazin-1-yl]propoxy]phenyl]ethanone,CC(=O)c1ccccc1OC[C@H](O)CN1CCN(c2ccccc2C)CC1,1
587,[2-[(2R)-3-(diethylamino)-2-hydroxypropoxy]phenyl]-phenylmethanone,CCN(CC)C[C@@H](O)COc1ccccc1C(=O)c1ccccc1,1
176,Albendazole,CCSc1ccc2nc(NC(=O)OC)[nH]c2c1,0
78,Leflunomide,Cc1oncc1C(=O)Nc1ccc(C(F)(F)F)cc1,0
163,"4-N-benzyl-2-N-[2-(3,4-dimethoxyphenyl)ethyl]-4-N,6-dimethylquinazoline-2,4-diamine",COc1ccc(CCNc2nc(N(C)Cc3ccccc3)c3cc(C)ccc3n2)cc1OC,1
523,Orphenadrine,Cc1ccccc1[C@H](OCCN(C)C)c1ccccc1,0
33,Terbutaline,CC(C)(C)NC[C@H](O)c1cc(O)cc(O)c1,0
833,LY335983,O[C@H](COc1cccc2ncccc12)CN1CCN(C2c3ccccc3C3C(c4ccccc42)C3(Cl)Cl)CC1,1
408,Bisacodyl,CC(=O)Oc1ccc(C(c2ccc(OC(C)=O)cc2)c2ccccn2)cc1,0
849,3-[[2-[2-(3-methoxyphenyl)ethyl]phenoxy]methyl]pyridine,COc1cccc(CCc2ccccc2OCc2cccnc2)c1,0
776,Laudanosine,COc1cc(Br)c(C[C@H]2c3cc(OC)c(OC)cc3CCN2C)cc1OC,1
287,Tetrazolone,O=c1c2ccccc2nc2n1CCCC2,0
112,Chlorogenic acid,O=C(/C=C/c1ccc(O)c(O)c1)O[C@H]1C[C@@](O)(C(=O)O)C[C@@H](O)[C@@H]1O,0
847,"(2S)-2-[2-[2-[2-(3-methoxyphenyl)ethyl]phenoxy]ethyl]-3,4-dihydro-1H-isoquinoline",COc1cccc(CCc2ccccc2OCCN2CCc3ccccc3C2)c1,1
30,Ferulic acid,COc1cc(/C=C/C(=O)O)ccc1O,0
108,"1-[2-[(2S)-3-(3,3-diphenylpropylamino)-2-hydroxypropoxy]phenyl]-3-phenylpropan-1-one",O=C(CCc1ccccc1)c1ccccc1OC[C@@H](O)CNCCC(c1ccccc1)c1ccccc1,1
327,"methyl 3-(4-{4,5-bis[4-(dimethylamino)phenyl]imidazol-2-yl}phenyl)prop-2-enoate",COC(=O)/C=C/c1ccc(-c2nc(-c3ccc(N(C)C)cc3)c(-c3ccc(N(C)C)cc3)[nH]2)cc1,1
466,1-[4-[(2R)-3-[di(propan-2-yl)amino]-2-hydroxypropoxy]phenyl]-3-phenylpropan-1-one,CC(C)N(C[C@@H](O)COc1ccc(C(=O)CCc2ccccc2)cc1)C(C)C,1
479,Aposcopolamine,C=C(C(=O)OC1C[C@H]2[C@@H]3O[C@@H]3[C@@H](C1)N2C)c1ccccc1,0
386,"4-{4-[2-(3-Methoxyphenyl)ethyl]piperazin-1-yl}-5,6,7,8-tetrahydro-1,3,4b-triazafluorene-9-carbonitrile",COc1cccc(CCN2CCN(c3ncnc4c(C#N)c5n(c34)CCCC5)CC2)c1,1
588,Saquinavir,CC(C)(C)NC(=O)[C@H]1C[C@@H]2CCCC[C@H]2CN1C[C@@H](O)[C@H](Cc1ccccc1)NC(=O)[C@@H](CC(N)=O)NC(=O)c1ccc2ccccc2n1,1
713,Imoxiterol,COc1cc([C@@H](O)CN[C@@H](C)CCn2cnc3ccccc32)ccc1O,0
89,"1,3-dimethoxy-5-[(2-phenethylphenoxy)methyl]benzene",COc1cc(COc2ccccc2CCc2ccccc2)cc(OC)c1,1
62,Clobutinol,C[C@H](CN(C)C)[C@](C)(O)Cc1ccc(Cl)cc1,0
239,(2S)-7-[(2S)-2-hydroxy-3-piperidin-1-ylpropoxy]-3-methylidene-2-phenylinden-1-one,C=C1c2cccc(OC[C@@H](O)CN3CCCCC3)c2C(=O)[C@H]1c1ccccc1,1
781,"N-[2-[[(1R,2S)-2-(4-phenylpiperazin-1-yl)cyclohexyl]carbamoyl]phenyl]quinoline-3-carboxamide",O=C(Nc1ccccc1C(=O)N[C@@H]1CCCC[C@@H]1N1CCN(c2ccccc2)CC1)c1cnc2ccccc2c1,1
18,4-methoxy-10-(4-morpholin-4-ylbutyl)acridin-10-ium-9-one,COc1cccc2c(=O)c3ccccc3n(CCCCN3CCOCC3)c12,1
635,Flucinonide,CC(=O)OCC(=O)[C@]12OC(C)(C)O[C@H]1C[C@H]1[C@@H]3C[C@@H](F)C4=CC(=O)C=C[C@@]4(C)[C@@]3(F)[C@H](O)C[C@@]12C,0
546,Prenylamine lactate,C[C@@H](Cc1ccccc1)NCCC(c1ccccc1)c1ccccc1,0
70,Mimosine,N[C@H](Cn1ccc(=O)c(O)c1)C(=O)O,0
774,1-[3-[2-[2-(3-methoxyphenyl)ethyl]phenoxy]propyl]-4-[3-(trifluoromethyl)phenyl]piperazine,COc1cccc(CCc2ccccc2OCCCN2CCN(c3cccc(C(F)(F)F)c3)CC2)c1,1
540,4-[4-[2-[4-[(E)-3-ethoxyprop-1-enyl]phenyl]imidazol-4-yl]phenyl]morpholine,CCOC/C=C/c1ccc(-c2ncc(-c3ccc(N4CCOCC4)cc3)[nH]2)cc1,1
77,Ciprofloxacin,O=C(O)c1cn(C2CC2)c2cc(N3CCNCC3)c(F)cc2c1=O,0
699,"(2S,5S,6R,10R,11S)-5-benzyl-6-hydroxy-4,10,11-trimethyl-2-propan-2-yl-1,9-dioxa-4-azacyclododecane-3,8,12-trione",CCCC[C@H]1OC(=O)C[C@@H](O)[C@H](Cc2ccccc2)N(C)C(=O)COC(=O)[C@H]1C,1
782,"N-[2-[[4-[2-[(2S)-6,7-dimethoxy-3,4-dihydro-1H-isoquinolin-2-yl]ethyl]phenyl]carbamoyl]phenyl]thiophene-2-carboxamide",COc1cc2c(cc1OC)CN(CCc1ccc(NC(=O)c3ccccc3NC(=O)c3cccs3)cc1)CC2,1
260,Lycorine,O[C@H]1C=C2CCN3Cc4cc5c(cc4[C@H]([C@@H]1O)[C@H]23)OCO5,0
359,1-[2-[4-[4-(4-fluorophenyl)piperazin-1-yl]butoxy]phenyl]-3-phenylpropan-1-one,O=C(CCc1ccccc1)c1ccccc1OCCCCN1CCN(c2ccc(F)cc2)CC1,1
775,1-(2-methoxyphenyl)-4-[3-[2-[2-(3-methoxyphenyl)ethyl]phenoxy]propyl]piperazine,COc1cccc(CCc2ccccc2OCCCN2CCN(c3ccccc3OC)CC2)c1,1
809,Folisidine,COc1cc(=O)n(C)c2c(OC[C@H](O)C(C)(C)O)cccc12,0
453,1-[5-hydroxy-2-[(2S)-2-hydroxy-3-(propylamino)propoxy]phenyl]-3-phenylpropan-1-one,CCCNC[C@H](O)COc1ccc(O)cc1C(=O)CCc1ccccc1,1
72,10-[3-[bis(2-hydroxyethyl)amino]propyl]acridin-10-ium-9-one,O=c1c2ccccc2n(CCCN(CCO)CCO)c2ccccc12,1
751,Oxymetazoline,Cc1cc(C(C)(C)C)c(O)c(C)c1CC1=NCCN1,1
321,"N-[2-(3,4-dimethoxyphenyl)ethyl]-1-methylpyrrolidin-2-imine",COc1ccc(CC/N=C2\CCCN2C)cc1OC,0
308,Zaprinast,CCCOc1ccccc1-c1nc2[nH][nH]nc-2c(=O)n1,0
802,"N-[2-[(2R)-6,7-dimethoxy-3,4-dihydro-1H-isoquinolin-2-yl]ethyl]-3-methyl-2-[(4-propan-2-ylbenzoyl)amino]benzamide",COc1cc2c(cc1OC)CN(CCNC(=O)c1cccc(C)c1NC(=O)c1ccc(C(C)C)cc1)CC2,1
509,Propranolol,CC(C)NC[C@H](O)COc1cccc2ccccc12,0
288,"N-[4-[2-[(2S)-6,7-dimethoxy-3,4-dihydro-1H-isoquinolin-2-yl]ethyl]phenyl]pyridine-3-carboxamide",COc1cc2c(cc1OC)CN(CCc1ccc(NC(=O)c3cccnc3)cc1)CC2,1
310,"N-[2-[(2S)-6,7-dimethoxy-3,4-dihydro-1H-isoquinolin-2-yl]ethyl]-2-[(4-phenylbenzoyl)amino]benzamide",COc1cc2c(cc1OC)CN(CCNC(=O)c1ccccc1NC(=O)c1ccc(-c3ccccc3)cc1)CC2,1
735,Antimycin A,CCCCCC[C@@H]1C(=O)O[C@@H](C)[C@@H](NC(=O)c2cccc(NC=O)c2O)C(=O)O[C@@H](C)[C@H]1OC(=O)CC(C)C,0
666,Quinine,C=C[C@@H]1CN2CC[C@@H]1C[C@@H]2[C@@H](O)c1ccnc2ccc(OC)cc12,1
716,N-[2-(3-phenethyl-1-benzofuran-2-yl)ethyl]propan-1-amine,CCCNCCc1oc2ccccc2c1CCc1ccccc1,1
616,Phenazopyridine,Nc1ccc(/N=N/c2ccccc2)c(N)n1,0
340,4-[2-[4-[(E)-3-ethoxyprop-1-enyl]phenyl]-5-[4-(propan-2-ylamino)phenyl]imidazol-4-yl]-N-propan-2-ylaniline,CCOC/C=C/c1ccc(-c2nc(-c3ccc(NC(C)C)cc3)c(-c3ccc(NC(C)C)cc3)[nH]2)cc1,1
45,Sulfamethazine,Cc1cc(C)nc(NS(=O)(=O)c2ccc(N)cc2)n1,0
770,Homoclomin,CN1CCCN([C@@H](c2ccccc2)c2ccc(Cl)cc2)CC1,1
599,Piroxicam,CN1/C(=C(/O)Nc2ccccn2)C(=O)c2ccccc2S1(=O)=O,0
27,Guaifenesin,COc1ccccc1OC[C@@H](O)CO,0
505,Diethylstilbestrol,CC/C(=C(\CC)c1ccc(O)cc1)c1ccc(O)cc1,0
837,Mequitazine,c1ccc2c(c1)Sc1ccccc1N2C[C@H]1CN2CCC1CC2,1
787,Ergonovine(Ergometrine),C[C@@H](CO)NC(=O)[C@@H]1C=C2c3cccc4[nH]cc(c34)C[C@@H]2N(C)C1,0
746,"N-[2-[[4-[2-[(2R)-3,4-dihydro-1H-isoquinolin-2-yl]ethyl]phenyl]carbamoyl]phenyl]quinoline-3-carboxamide",O=C(Nc1ccccc1C(=O)Nc1ccc(CCN2CCc3ccccc3C2)cc1)c1cnc2ccccc2c1,1
207,Naltrexone,O=C1CC[C@@]2(O)[C@@H]3Cc4ccc(O)c5c4[C@]2(CCN3CC2CC2)[C@H]1O5,0
112,Catechin,Oc1cc(O)c2c(c1)O[C@H](c1ccc(O)c(O)c1)[C@@H](O)C2,0
67,Atropine,CN1[C@H]2CC[C@@H]1CC(OC(=O)[C@H](CO)c1ccccc1)C2,0
606,1-[2-[(2S)-2-hydroxy-3-(4-hydroxy-4-phenylpiperidin-1-yl)propoxy]phenyl]-3-phenylpropan-1-one,O=C(CCc1ccccc1)c1ccccc1OC[C@H](O)CN1CCC(O)(c2ccccc2)CC1,1
602,Betaxol,CC(C)NC[C@@H](O)COc1ccc(CCOCC2CC2)cc1,0
83,1-methoxy-4-[(2-phenethylphenoxy)methyl]benzene,COc1ccc(COc2ccccc2CCc2ccccc2)cc1,1
72,Citenamide,NC(=O)C1c2ccccc2C=Cc2ccccc21,0
219,2-[4-[2-(3-phenylpropanoyloxy)ethyl]piperazin-1-yl]ethyl3-phenylpropanoate,O=C(CCc1ccccc1)OCCN1CCN(CCOC(=O)CCc2ccccc2)CC1,0
277,Tetrahydroalstonine,COC(=O)C1=CO[C@H](C)[C@@H]2CN3CCc4c([nH]c5ccccc45)[C@@H]3C[C@@H]12,0
414,Ascorbic acid,O=C1C(O)=C(O)O[C@H]1[C@H](O)CO,0
293,Enoxacin,CCn1cc(C(=O)O)c(=O)c2cc(F)c(N3CCNCC3)nc21,0
136,Sisomicin,CN[C@@H]1[C@H](O)[C@@H](O[C@@H]2C(O)[C@H](O[C@H]3OC(CN)=CC[C@H]3N)[C@@H](N)C[C@@H]2N)OC[C@]1(C)O,0
123,10-[3-[4-(2-hydroxyethyl)piperazin-1-yl]propyl]-4-methoxyacridin-10-ium-9-one,COc1cccc2c(=O)c3ccccc3n(CCCN3CCN(CCO)CC3)c12,1
52,"(2R)-3-(3,4-dimethoxyphenyl)propane-1,2-diol",COc1ccc(C[C@@H](O)CO)cc1OC,0
296,Yohimbine,COC(=O)[C@H]1[C@@H](O)CC[C@H]2CN3CCc4c([nH]c5ccccc45)[C@H]3C[C@@H]21,0
726,10-[4-[4-(2-hydroxyethyl)piperazin-1-yl]butyl]-4-methoxyacridin-10-ium-9-one,COc1cccc2c(=O)c3ccccc3n(CCCCN3CCN(CCO)CC3)c12,1
815,Protokylol,C[C@@H](Cc1ccc2c(c1)OCO2)NC[C@@H](O)c1ccc(O)c(O)c1,0
9,"N-[4-[2-[(2R)-6,7-dimethoxy-3,4-dihydro-1H-isoquinolin-2-yl]ethyl]phenyl]-4,5-dimethoxy-2-nitrobenzamide",COc1cc2c(cc1OC)CN(CCc1ccc(NC(=O)c3cc(OC)c(OC)cc3[N+](=O)[O-])cc1)CC2,1
712,Metampicillin,C=N[C@@H](C(=O)N[C@@H]1C(=O)[C@H]2[C@@H]1SC(C)(C)[C@@H]2C(=O)O)c1ccccc1,0
220,Loperamide,CN(C)C(=O)C(CCN1CCC(O)(c2ccc(Cl)cc2)CC1)(c1ccccc1)c1ccccc1,1
252,Mometasone furoate,C[C@H]1C[C@@H]2[C@H]3CCC4=CC(=O)C=C[C@@]4(C)[C@]3(Cl)[C@@H](O)C[C@@]2(C)[C@@]1(OC(=O)c1ccco1)C(=O)CCl,1
662,Sulfaquinoxaline,Nc1ccc(S(=O)(=O)Nc2ccc3nccnc3c2)cc1,0
7,Pentachlorophenol,Oc1c(Cl)c(Cl)c(Cl)c(Cl)c1Cl,0
304,"N-[2-[(3-acetyl-2,4,6-trimethylphenyl)methylsulfanyl]-1,3-benzothiazol-6-yl]-4-butoxybenzamide",CCCCOc1ccc(C(=O)Nc2ccc3nc(SCc4c(C)cc(C)c(C(C)=O)c4C)sc3c2)cc1,1
710,"(2S,5S,6R,10R,11S)-5-benzyl-6-(methoxymethoxy)-4,10,11-trimethyl-2-propan-2-yl-1,9-dioxa-4-azacyclododecane-3,8,12-trione",COCO[C@@H]1CC(=O)O[C@H](C)[C@H](C)C(=O)O[C@@H](C(C)C)C(=O)N(C)[C@H]1Cc1ccccc1,1
393,[dibenzyl-(hydroxymethyl)-diphenylBLAHyl]methanol,OCC12[C@H](c3ccccc3)C3[C@@H]4N(Cc5ccccc5)[C@H]1C1[C@H]2N(Cc2ccccc2)[C@H]3C4(CO)[C@H]1c1ccccc1,1
436,"4-benzoyl-1-[(2S)-3-(tert-butylamino)-2-hydroxypropyl]-5-methyl-2-phenylpyrazole-1,2-diium-3-one",Cc1c(C(=O)c2ccccc2)c(=O)n(-c2ccccc2)n1C[C@@H](O)CNC(C)(C)C,0
813,Quetiapine,OCCOCCN1CCN(C2=Nc3ccccc3Sc3ccccc32)CC1,1
570,Naloxone,C=CCN1CC[C@@]23c4c5ccc(O)c4O[C@H]2C(=O)CC[C@@]3(O)[C@@H]1C5,0
121,1-[2-[(2S)-2-hydroxy-3-(4-hydroxy-4-phenylpiperidin-1-yl)propoxy]phenyl]propan-1-one,CCC(=O)c1ccccc1OC[C@@H](O)CN1CCC(O)(c2ccccc2)CC1,1
69,Ursolica acid,C[C@@H]1[C@H]2C3=CC[C@@H]4[C@@]5(C)CC[C@@H](O)C(C)(C)[C@H]5CC[C@@]4(C)[C@@]3(C)CC[C@]2(C(=O)O)CC[C@H]1C,0
558,2-[2-(3-methoxyphenyl)ethyl]-N-[(3-methoxyphenyl)methyl]aniline,COc1cccc(CCc2ccccc2NCc2cccc(OC)c2)c1,1
594,"N-(9-Cyano-5,6,7,8-tetrahydro-1,3,4b-triazafluoren-4-yl)-C-phenethylmethansulfonamide",N#Cc1c2n(c3c(NS(=O)(=O)Cc4ccccc4)ncnc13)CCCC2,1
629,Canadine,COc1ccc2c(c1OC)CN1CCc3cc4c(cc3[C@@H]1C2)OCO4,0
812,"[(2R,3S,5S,6S,7R,8Z,10R,11R,12E)-20,22-dihydroxy-2,5,6-trimethoxy-3,7,9,11,15-pentamethyl-16-oxo-17-azabicyclo[16.3.1]docosa-1(22),8,12,14,18,20-hexaen-10-yl]carbamate",CO[C@H]1C[C@@H](C)[C@@H](OC)c2cc(O)cc(c2O)NC(=O)C(C)=CC=C[C@@H](C)[C@@H](OC(N)=O)C(C)=C[C@@H](C)[C@@H]1OC,1
681,1-[3-[(2R)-3-[4-(4-fluorophenyl)piperazin-1-yl]-2-hydroxypropoxy]phenyl]-3-phenylpropan-1-one,O=C(CCc1ccccc1)c1cccc(OC[C@H](O)CN2CCN(c3ccc(F)cc3)CC2)c1,1
24,Metoclopramide,CCN(CC)CCNC(=O)c1cc(Cl)c(N)cc1OC,0
422,Lomefloxacin,CCn1cc(C(=O)O)c(=O)c2cc(F)c(N3CCN[C@H](C)C3)c(F)c21,0
571,Hydrocodone,COc1ccc2c3c1O[C@H]1C(=O)CC[C@H]4[C@@H](C2)N(C)CC[C@]314,0
494,Ergocornine,CC(C)[C@H]1C(=O)N2CCC[C@H]2[C@]2(O)O[C@@](NC(=O)[C@H]3C=C4c5cccc6[nH]cc(c56)C[C@@H]4N(C)C3)(C(C)C)C(=O)N12,0
214,Carbenicillin,CC1(C)S[C@H]2[C@H](NC(=O)[C@H](C(=O)O)c3ccccc3)C(=O)N2[C@@H]1C(=O)O,0
458,1-[2-[(2S)-3-(diethylamino)-2-hydroxypropoxy]phenyl]-3-phenylpropan-1-one,CCN(CC)C[C@H](O)COc1ccccc1C(=O)CCc1ccccc1,1
539,Danitracen,CN1CCC(=C2c3ccccc3C(O)c3ccccc32)CC1,0
10,"2-bromo-N-[4-[2-[(2S)-6,7-dimethoxy-3,4-dihydro-1H-isoquinolin-2-yl]ethyl]phenyl]benzamide",COc1cc2c(cc1OC)CN(CCc1ccc(NC(=O)c3ccccc3Br)cc1)CC2,1
499,Nicardipine,COC(=O)C1=C(C)NC(C)=C(C(=O)OCCN(C)Cc2ccccc2)[C@@H]1c1cccc([N+](=O)[O-])c1,1
191,Pramoxine,CCCCOc1ccc(OCCCN2CCOCC2)cc1,0
279,Cannabidiol,C=C(C)[C@@H]1CCC(C)=C[C@@H]1c1c(O)cc(CCCCC)cc1O,1
29,Tiprenolol,CSc1ccccc1OC[C@H](O)CNC(C)C,0
78,Spironolactone,CC(=O)S[C@@H]1CC2=CC(=O)CC[C@@]2(C)[C@@H]2CC[C@@]3(C)[C@H](CC[C@]34CCC(=O)O4)[C@H]12,1
126,4-methoxy-10-[3-(4-methylpiperazin-1-yl)propyl]acridin-10-ium-9-one,COc1cccc2c(=O)c3ccccc3n(CCCN3CCN(C)CC3)c12,1
576,Trimetazidine,COc1ccc(CN2CCNCC2)c(OC)c1OC,0
238,Fluvalinate,CC(C)[C@H](Nc1ccc(C(F)(F)F)cc1Cl)C(=O)O[C@@H](C#N)c1cccc(Oc2ccccc2)c1,0
116,"9-(5-Methyl[1,2,4]oxadiazol-3-yl)-4-(4-phenethylpiperazin-1-yl)-5,6,7,8-tetrahydro-1,3,4b-triazafluorene",Cc1nc(-c2c3n(c4c(N5CCN(CCc6ccccc6)CC5)ncnc24)CCCC3)no1,1
367,"2-[(2R,3R)-3-(3,4-dimethoxyphenyl)-2-(hydroxymethyl)-2,3-dihydro-1,4-benzodioxin-6-yl]-3,5-dihydroxy-7-methoxychromen-4-one",COc1cc(O)c2c(=O)c(O)c(-c3ccc4c(c3)O[C@H](c3ccc(OC)c(OC)c3)[C@@H](CO)O4)oc2c1,1
77,N-[4-[4-(2-methoxyphenyl)piperazin-1-yl]butyl]naphthalene-2-carboxamide,COc1ccccc1N1CCN(CCCCNC(=O)c2ccc3ccccc3c2)CC1,0
723,"9-methoxy-6-phenyl-[1,3]dioxolo[4,5-g]chromen-8-one",COc1c2c(cc3oc(-c4ccccc4)cc(=O)c13)OCO2,1
636,2-[4-[2-[2-[2-(3-methoxyphenyl)ethyl]phenoxy]ethyl]piperazin-1-yl]pyrimidine,COc1cccc(CCc2ccccc2OCCN2CCN(c3ncccn3)CC2)c1,1
719,1-[2-[(2S)-2-hydroxy-3-[[(1R)-2-methyl-1-phenylpropyl]amino]propoxy]phenyl]-3-phenylpropan-1-one,CC(C)[C@@H](NC[C@H](O)COc1ccccc1C(=O)CCc1ccccc1)c1ccccc1,1
513,Naproxen,COc1ccc2cc([C@H](C)C(=O)O)ccc2c1,0
464,1-[2-[(2S)-3-(dimethylamino)-2-hydroxypropoxy]phenyl]-3-phenylpropan-1-one,CN(C)C[C@H](O)COc1ccccc1C(=O)CCc1ccccc1,1
784,Ifenprodil,C[C@H]([C@H](O)c1ccc(O)cc1)N1CCC(Cc2ccccc2)CC1,0
573,"N-[4-[2-[(2S)-6,7-dimethoxy-3,4-dihydro-1H-isoquinolin-2-yl]ethyl]phenyl]naphthalene-2-carboxamide",COc1cc2c(cc1OC)CN(CCc1ccc(NC(=O)c3ccc4ccccc4c3)cc1)CC2,1
838,Furosemide,NS(=O)(=O)c1cc(C(=O)O)c(NCc2ccco2)cc1Cl,0
607,1-[2-[(2S)-2-hydroxy-3-(4-hydroxy-4-phenylpiperidin-1-yl)propoxy]phenyl]-3-phenylpropan-1-one,O=C(CCc1ccccc1)c1ccccc1OC[C@@H](O)CN1CCC(O)(c2ccccc2)CC1,1
696,"(2S,5S,6S,10R,11S)-5-benzyl-10-heptyl-6-(methoxymethoxy)-4,11-dimethyl-2-propan-2-yl-1,9-dioxa-4-azacyclododecane-3,8,12-trione",CCCCCCC[C@H]1OC(=O)C[C@H](OCOC)[C@H](Cc2ccccc2)N(C)C(=O)[C@H](C(C)C)OC(=O)[C@H]1C,1
145,"4-{4,5-bis[4-(dimethylamino)phenyl]-1-(2-phenylethyl)-1H-imidazol-2-yl}benzoic acid",CN(C)c1ccc(-c2nc(-c3ccc(C(=O)O)cc3)n(CCc3ccccc3)c2-c2ccc(N(C)C)cc2)cc1,1
518,Chophedianol,CN(C)CC[C@@](O)(c1ccccc1)c1ccccc1Cl,0
390,Flesinoxan,O=C(NCCN1CCN(c2cccc3c2OC[C@@H](CO)O3)CC1)c1ccc(F)cc1,0
822,Lindane,ClC1C(Cl)C(Cl)C(Cl)C(Cl)C1Cl,0
143,1-[2-[(2S)-2-hydroxy-3-morpholin-4-ylpropoxy]phenyl]-3-naphthalen-1-ylpropan-1-one,O=C(CCc1cccc2ccccc12)c1ccccc1OC[C@@H](O)CN1CCOCC1,1
637,Pantoprazole,COc1ccnc(CS(=O)c2nc3cc(OC(F)F)ccc3[nH]2)c1OC,0
200,3-phenyl-1-[2-(4-piperidin-1-ylbutoxy)phenyl]propan-1-one,O=C(CCc1ccccc1)c1ccccc1OCCCCN1CCCCC1,1
329,methyl 3-{4-[4-(4-aminophenyl)-5-[4-(diethylamino)phenyl]imidazol-2-yl]phenyl}prop-2-enoate,CCN(CC)c1ccc(-c2nc(-c3ccc(/C=C/C(=O)OC)cc3)[nH]c2-c2ccc(N)cc2)cc1,1
747,"N-[2-[[4-[2-[(2R)-6,7-dimethoxy-3,4-dihydro-1H-isoquinolin-2-yl]ethyl]phenyl]carbamoyl]phenyl]quinoline-3-carboxamide",COc1cc2c(cc1OC)CN(CCc1ccc(NC(=O)c3ccccc3NC(=O)c3cnc4ccccc4c3)cc1)CC2,1
345,methyl 3-(4-{4-[4-(dibutylamino)phenyl]-5-[4-(methylamino)phenyl]imidazol-2-yl}phenyl)prop-2-enoate,CCCCN(CCCC)c1ccc(-c2nc(-c3ccc(/C=C/C(=O)OC)cc3)[nH]c2-c2ccc(NC)cc2)cc1,1
829,LY335980,O[C@H](COc1cccc2ncccc12)CN1CCN(C2c3ccccc3C3C(c4ccccc42)C3(F)F)CC1,1
714,Hydramethylnon,CC1(C)CN=C(NN=C(/C=C/c2ccc(C(F)(F)F)cc2)/C=C/c2ccc(C(F)(F)F)cc2)NC1,1
224,Atorvastatin lactone,CC(C)c1c(C(=O)Nc2ccccc2)c(-c2ccccc2)c(-c2ccc(F)cc2)n1CC[C@H]1C[C@@H](O)CC(=O)O1,1
217,Mefloquine,O[C@H](c1cc(C(F)(F)F)nc2c(C(F)(F)F)cccc12)[C@@H]1CCCCN1,1
693,"(2S,5R,6R,11S)-5-benzyl-6-(methoxymethoxy)-4,11-dimethyl-2-propan-2-yl-1,9-dioxa-4-azacyclododecane-3,8,12-trione",COCO[C@@H]1CC(=O)OC[C@H](C)C(=O)O[C@@H](C(C)C)C(=O)N(C)[C@@H]1Cc1ccccc1,1
684,1-[5-[2-[2-(3-methoxyphenyl)ethyl]phenoxy]pentyl]-4-methylpiperazine,COc1cccc(CCc2ccccc2OCCCCCN2CCN(C)CC2)c1,1
825,Diaziquone,CCOC(=O)NC1=C(N2CC2)C(=O)C(NC(=O)OCC)=C(N2CC2)C1=O,0
843,Tolafentrine,COc1cc2c(cc1OC)[C@H]1CN(C)CC[C@H]1N=C2c1ccc(NS(=O)(=O)c2ccc(C)cc2)cc1,1
372,"3,5,7-trihydroxy-2-[(2R,3R)-3-(4-hydroxy-3-methoxyphenyl)-2-(hydroxymethyl)-2,3-dihydro-1,4-benzodioxin-6-yl]chromen-4-one",COc1cc([C@@H]2Oc3cc(-c4oc5cc(O)cc(O)c5c(=O)c4O)ccc3O[C@@H]2CO)ccc1O,1
555,(2R)-1-[4-(4-fluorophenyl)piperazin-1-yl]-3-[2-[(1S)-1-methoxy-3-phenylpropyl]phenoxy]propan-2-ol,CO[C@@H](CCc1ccccc1)c1ccccc1OC[C@H](O)CN1CCN(c2ccc(F)cc2)CC1,1
585,Austricine,CC1=CC(=O)C2=C(C)C[C@@H](O)[C@@H]3[C@@H](OC(=O)[C@@H]3C)[C@H]12,0
426,dimethoxy(tetramethyl)BLAHdione,COc1ccc2c(c1)OC[C@H]1[C@@H]2C2=C(OC1(C)C)C1=C(C(=O)C2=O)[C@H]2c3ccc(OC)cc3OC[C@H]2C(C)(C)O1,1
460,1-[2-[(2S)-3-[di(propan-2-yl)amino]-2-hydroxypropoxy]phenyl]-3-phenylpropan-1-one,CC(C)N(C[C@H](O)COc1ccccc1C(=O)CCc1ccccc1)C(C)C,1
595,Permethrin,CC1(C)[C@H](C=C(Cl)Cl)[C@H]1C(=O)OCc1cccc(Oc2ccccc2)c1,0
162,Cephapirin,CC(=O)OCC1=C(C(=O)O)N2C(=O)[C@H](NC(=O)CSc3ccncc3)[C@H]2SC1,0
195,N-[2-[[4-[2-[(3-hydroxy-4-methoxyphenyl)methyl-methylamino]ethyl]phenyl]carbamoyl]phenyl]quinoline-3-carboxamide,COc1ccc(CN(C)CCc2ccc(NC(=O)c3ccccc3NC(=O)c3cnc4ccccc4c3)cc2)cc1O,1
66,Salverine,CCN(CC)CCOc1ccccc1C(=O)Nc1ccccc1,0
86,"1,2-dimethoxy-3-[[2-[2-(3-methoxyphenyl)ethyl]phenoxy]methyl]benzene",COc1cccc(CCc2ccccc2OCc2cccc(OC)c2OC)c1,1
11,"3-bromo-N-[4-[2-[(2S)-6,7-dimethoxy-3,4-dihydro-1H-isoquinolin-2-yl]ethyl]phenyl]benzamide",COc1cc2c(cc1OC)CN(CCc1ccc(NC(=O)c3cccc(Br)c3)cc1)CC2,1
314,Kanamycin,NC[C@@H]1O[C@H](O[C@H]2C(O)[C@H](O[C@H]3O[C@H](CO)[C@H](O)[C@@H](N)[C@H]3O)[C@@H](N)C[C@H]2N)[C@H](O)[C@H](O)[C@@H]1O,0
175,Sparteine,C1CCN2C[C@H]3C[C@@H](CN4CCCC[C@H]34)[C@H]2C1,0
370,"2-[(2R,3R)-3-(3,4-dimethoxyphenyl)-2-(hydroxymethyl)-2,3-dihydro-1,4-benzodioxin-6-yl]-3-hydroxy-5,7-dimethoxychromen-4-one",COc1cc(OC)c2c(=O)c(O)c(-c3ccc4c(c3)O[C@H](c3ccc(OC)c(OC)c3)[C@@H](CO)O4)oc2c1,1
55,2-ethoxyethyl4-aminobenzoate,CCOCCOC(=O)c1ccc(N)cc1,0
313,Nifazenone,Cc1c(NC(=O)c2cccnc2)c(=O)n(-c2ccccc2)n1C,0
660,Biphenamine,CCN(CC)CCOC(=O)c1cccc(-c2ccccc2)c1O,0
622,Cyclophosphamide,O=P1(N(CCCl)CCCl)NCCCO1,0
302,Methimazole,Cn1cc[nH]c1=S,0
808,1-[2-[(2S)-3-(4-benzoylpiperazin-1-yl)-2-hydroxypropoxy]phenyl]-3-phenylpropan-1-one,O=C(CCc1ccccc1)c1ccccc1OC[C@@H](O)CN1CCN(C(=O)c2ccccc2)CC1,1
551,Doxorubicin,COc1cccc2c1C(=O)c1c(O)c3c(c(O)c1C2=O)C[C@](O)(C(=O)CO)C[C@@H]3O[C@H]1C[C@@H](N)[C@H](O)[C@@H](C)O1,0
545,Harmalol,CC1=c2[nH]c3c(c2CCN1)C=CC(=O)C=3,1
223,Isoxsuprine,C[C@@H](COc1ccccc1)N[C@@H](C)[C@@H](O)c1ccc(O)cc1,0
406,2-(azepan-1-yl)-N-[(E)-(2-chloro-6-fluorophenyl)methylideneamino]-2-oxoacetamide,O=C(N/N=C/c1c(F)cccc1Cl)C(=O)N1CCCCCC1,0
188,1-[4-[(2S)-2-hydroxy-3-morpholin-4-ylpropoxy]phenyl]ethanone,CC(=O)c1ccc(OC[C@@H](O)CN2CCOCC2)cc1,0
456,1-[2-[(2S)-3-[di(propan-2-yl)amino]-2-hydroxypropoxy]-5-hydroxyphenyl]-3-phenylpropan-1-one,CC(C)N(C[C@H](O)COc1ccc(O)cc1C(=O)CCc1ccccc1)C(C)C,1
264,Spasmadryl,CCN(CC)CCOC(=O)[C@H](Cc1ccccc1)c1ccccc1,0
228,1-[4-[(2R)-2-hydroxy-3-piperidin-1-ylpropoxy]phenyl]-3-phenylpropan-1-one,O=C(CCc1ccccc1)c1ccc(OC[C@H](O)CN2CCCCC2)cc1,1
803,"3-chloro-N-[2-[(2R)-6,7-dimethoxy-3,4-dihydro-1H-isoquinolin-2-yl]ethyl]-2-[(4-propan-2-ylbenzoyl)amino]benzamide",COc1cc2c(cc1OC)CN(CCNC(=O)c1cccc(Cl)c1NC(=O)c1ccc(C(C)C)cc1)CC2,1
632,Toxaphene,Cl/C=C1/[C@@H]2C[C@H]([C@@H](Cl)C2(Cl)Cl)C1(CCl)CCl,0
598,Carbenoxolone,CC1(C)[C@H]2CC[C@@]3(C)[C@H](C(=O)C=C4[C@@H]5C[C@@](C)(C(=O)O)CC[C@@]5(C)CC[C@@]43C)[C@]2(C)CC[C@H]1OC(=O)CCC(=O)O,1
148,methyl4-[[(2R)-2-hydroxy-3-[2-(3-phenylpropanoyl)phenoxy]propyl]amino]benzoate,COC(=O)c1ccc(NC[C@@H](O)COc2ccccc2C(=O)CCc2ccccc2)cc1,1
93,1-[2-[(2S)-3-(4-benzylpiperazin-1-yl)-2-hydroxypropoxy]phenyl]-3-phenylpropan-1-one,O=C(CCc1ccccc1)c1ccccc1OC[C@H](O)CN1CCN(Cc2ccccc2)CC1,1
405,4-methoxy-10-(4-piperidin-1-ylbutyl)acridin-10-ium-9-one,COc1cccc2c(=O)c3ccccc3n(CCCCN3CCCCC3)c12,1
153,1-[2-[(2S)-3-anilino-2-hydroxypropoxy]phenyl]-3-phenylpropan-1-one,O=C(CCc1ccccc1)c1ccccc1OC[C@@H](O)CNc1ccccc1,1
166,"N-[2-[[4-[2-[(2S)-6,7-dimethoxy-3,4-dihydro-1H-isoquinolin-2-yl]ethyl]phenyl]carbamoyl]phenyl]-2-methyl-1,3-thiazole-4-carboxamide",COc1cc2c(cc1OC)CN(CCc1ccc(NC(=O)c3ccccc3NC(=O)c3csc(C)n3)cc1)CC2,1
563,(2R)-1-[2-[(1S)-1-methoxy-3-phenylpropyl]phenoxy]-3-piperidin-1-ylpropan-2-ol,CO[C@@H](CCc1ccccc1)c1ccccc1OC[C@H](O)CN1CCCCC1,1
562,(1R)-1-[2-[(2R)-2-hydroxy-3-piperidin-1-ylpropoxy]phenyl]-3-phenylpropan-1-ol,O[C@@H](COc1ccccc1[C@H](O)CCc1ccccc1)CN1CCCCC1,1
739,Carvedilol,COc1ccccc1OCCNC[C@H](O)COc1cccc2[nH]c3ccccc3c12,1
791,Lysuride,CCN(CC)C(=O)N[C@H]1C=C2c3cccc4[nH]cc(c34)C[C@H]2N(C)C1,1
427,Fendiline,C[C@@H](NCCC(c1ccccc1)c1ccccc1)c1ccccc1,1
677,Sulfachlorpyridazine,Nc1ccc(S(=O)(=O)Nc2ccc(Cl)nn2)cc1,0
742,Eserine,CNC(=O)Oc1ccc2c(c1)[C@]1(C)CCN(C)[C@@H]1N2C,0
729,Kavain,COC1=CC(=O)O[C@@H](/C=C/c2ccccc2)C1,0
625,"4-{2-[4-(3-ethoxyprop-1-en-1-yl)phenyl]imidazol-4-yl}-N,N-diethylaniline",CCOC/C=C/c1ccc(-c2ncc(-c3ccc(N(CC)CC)cc3)[nH]2)cc1,1
150,1-[2-[(2S)-2-hydroxy-3-[4-(trifluoromethyl)anilino]propoxy]phenyl]-3-phenylpropan-1-one,O=C(CCc1ccccc1)c1ccccc1OC[C@@H](O)CNc1ccc(C(F)(F)F)cc1,1
443,"4-(4-Phenethylpiperazin-1-yl)-5,6,7,8-tetrahydro-1,3,4b-triazofluorene-9-carbonitrile",N#Cc1c2n(c3c(N4CCN(CCc5ccccc5)CC4)nc(-c4ccccc4)nc13)CCCC2,1
102,Dropropizine,OC[C@@H](O)CN1CCN(c2ccccc2)CC1,0
237,"4-[4-(3-Phenylpropyl)piperazin-1-yl]-5,6,7,8-tetrahydro-1,3,4b-triazafluorene-9-carbonitrile",N#Cc1c2n(c3c(N4CCN(CCCc5ccccc5)CC4)ncnc13)CCCC2,1
511,N-(6-aminohexyl)-5-chloronaphthalene-1-sulfonamide,NCCCCCCNS(=O)(=O)c1cccc2c(Cl)cccc12,0
79,Amoxapine,Clc1ccc2c(c1)C(N1CCNCC1)=Nc1ccccc1O2,1
361,"(2R)-2-(1,3-benzodioxol-5-yl)-3-(4-tert-butylphenyl)-1,2-dihydroquinazolin-4-one",CC(C)(C)c1ccc(N2C(=O)c3ccccc3N[C@H]2c2ccc3c(c2)OCO3)cc1,1
631,"(2S)-2-[4-[2-[2-(3-methoxyphenyl)ethyl]phenoxy]butyl]-3,4-dihydro-1H-isoquinoline",COc1cccc(CCc2ccccc2OCCCCN2CCc3ccccc3C2)c1,1
192,2-[4-(2-methoxyphenyl)piperazin-1-yl]-1-(3-phenethyl-1-benzofuran-2-yl)ethanone,COc1ccccc1N1CCN(CC(=O)c2oc3ccccc3c2CCc2ccccc2)CC1,1
58,Nefopam,CN1CCO[C@@H](c2ccccc2)c2ccccc2C1,0
299,"(2R)-6,7-dimethoxy-2-[5-[2-[2-(3-methoxyphenyl)ethyl]phenoxy]pentyl]-3,4-dihydro-1H-isoquinoline",COc1cccc(CCc2ccccc2OCCCCCN2CCc3cc(OC)c(OC)cc3C2)c1,1
758,Norgallopamil,COc1ccc(CCNCCC[C@](C#N)(c2cc(OC)c(OC)c(OC)c2)C(C)C)cc1OC,1
487,Doxylamine,CN(C)CCO[C@@](C)(c1ccccc1)c1ccccn1,0
514,"tert-butyl2-[benzyl-[(3R,4S)-6-cyano-3-hydroxy-2,2-dimethyl-3,4-dihydrochromen-4-yl]amino]acetate",CC(C)(C)OC(=O)CN(Cc1ccccc1)[C@H]1c2cc(C#N)ccc2OC(C)(C)[C@@H]1O,1
337,"methyl 3-(4-{4,5-bis[4-(diethylamino)phenyl]imidazol-2-yl}phenyl)prop-2-enoate",CCN(CC)c1ccc(-c2nc(-c3ccc(/C=C/C(=O)OC)cc3)[nH]c2-c2ccc(N(CC)CC)cc2)cc1,1
621,S09788,C=CCNc1nc(NCC=C)nc(N2CCC(NCC(c3ccc(F)cc3)c3ccc(F)cc3)CC2)n1,1
419,Pentoxifylline,CC(=O)CCCCn1c(=O)c2c(ncn2C)n(C)c1=O,1
280,LY296097,CCCCS(=O)(=O)Oc1ccc2c(C(=O)c3ccc(OCCN4CCCCC4)cc3)c(-c3ccc(S(=O)(=O)CCCC)cc3)sc2c1,1
796,"(2S)-6,7-dimethoxy-2-[3-[2-[2-(3-methoxyphenyl)ethyl]phenoxy]propyl]-3,4-dihydro-1H-isoquinoline",COc1cccc(CCc2ccccc2OCCCN2CCc3cc(OC)c(OC)cc3C2)c1,1
590,"4-{4-[2-(1H-Indol-3-yl)ethyl]piperazin-1-yl}-5,6,7,8-tetrahydro-1,3,4b-triazafluorene-9-carbonitrile",N#Cc1c2n(c3c(N4CCN(CCc5c[nH]c6ccccc56)CC4)ncnc13)CCCC2,1
76,10-[4-[bis(2-hydroxyethyl)amino]butyl]acridin-10-ium-9-one,O=c1c2ccccc2n(CCCCN(CCO)CCO)c2ccccc12,1
46,Biricodar VX710,COc1cc(C(=O)C(=O)N2CCCC[C@H]2C(=O)OC(CCCc2cccnc2)CCCc2cccnc2)cc(OC)c1OC,1
12,"4-bromo-N-[4-[2-[(2S)-6,7-dimethoxy-3,4-dihydro-1H-isoquinolin-2-yl]ethyl]phenyl]benzamide",COc1cc2c(cc1OC)CN(CCc1ccc(NC(=O)c3ccc(Br)cc3)cc1)CC2,1
569,(2R)-1-[2-[(1R)-1-methoxy-3-phenylpropyl]phenoxy]-3-morpholin-4-ylpropan-2-ol,CO[C@H](CCc1ccccc1)c1ccccc1OC[C@H](O)CN1CCOCC1,1
508,Cefoperazone,CCN1CCN(C(=O)N[C@H](C(=O)N[C@H]2C(=O)N3C(C(=O)O)=C(CSc4nnnn4C)CS[C@@H]23)c2ccc(O)cc2)C(=O)C1=O,0
773,1-(4-fluorophenyl)-4-[3-[2-[2-(3-methoxyphenyl)ethyl]phenoxy]propyl]piperazine,COc1cccc(CCc2ccccc2OCCCN2CCN(c3ccc(F)cc3)CC2)c1,1
253,(2R)-1-(dipropylamino)-3-[2-[(1S)-1-methoxy-3-phenylpropyl]phenoxy]propan-2-ol,CCCN(CCC)C[C@@H](O)COc1ccccc1[C@H](CCc1ccccc1)OC,1
40,"4-benzoyl-1-[(2S)-2-hydroxy-3-[4-(2-methylphenyl)piperazin-1-yl]propyl]-5-methyl-2-phenylpyrazole-1,2-diium-3-one",Cc1ccccc1N1CCN(C[C@H](O)Cn2c(C)c(C(=O)c3ccccc3)c(=O)n2-c2ccccc2)CC1,1
204,1-[2-[(2S)-3-(cyclohexylamino)-2-hydroxypropoxy]phenyl]-3-phenylpropan-1-one,O=C(CCc1ccccc1)c1ccccc1OC[C@H](O)CNC1CCCCC1,1
155,Doxycycline-cyclate,C[C@H]1c2cccc(O)c2C(O)=C2C(=O)[C@]3(O)C(=O)/C(=C(/N)O)C(=O)[C@@H](N(C)C)[C@H]3[C@@H](O)[C@H]21,0
41,Amoxecatine,CCN(CC)CCN(CC)CCOC(=O)c1ccc(N)cc1,0
243,Trioxsalen,Cc1cc2cc3c(C)cc(=O)oc3c(C)c2o1,0
227,1-[4-[(2R)-2-hydroxy-3-piperidin-1-ylpropoxy]phenyl]-3-phenylpropan-1-one,O=C(CCc1ccccc1)c1ccc(OC[C@@H](O)CN2CCCCC2)cc1,1
334,4-[5-(4-dimethylaminophenyl)-2-[4-[(E)-3-ethoxyprop-1-enyl]phenyl]imidazol-4-yl]-N-methylaniline,CCOC/C=C/c1ccc(-c2nc(-c3ccc(NC)cc3)c(-c3ccc(N(C)C)cc3)[nH]2)cc1,1
544,1-[2-[(2R)-2-hydroxy-3-piperidin-1-ylpropoxy]phenyl]-3-phenylpropan-1-one,O=C(CCc1ccccc1)c1ccccc1OC[C@H](O)CN1CCCCC1,1
566,(2R)-1-[2-[(1R)-1-methoxy-3-phenylpropyl]phenoxy]-3-piperidin-1-ylpropan-2-ol,CO[C@H](CCc1ccccc1)c1ccccc1OC[C@H](O)CN1CCCCC1,1
47,Chlorpropamide,CCCNC(=O)NS(=O)(=O)c1ccc(Cl)cc1,0
727,10-[4-(4-methylpiperazin-1-yl)butyl]acridin-10-ium-9-one,CN1CCN(CCCCn2c3ccccc3c(=O)c3ccccc32)CC1,1
429,Betamethasone,C=C1C=C[C@@]2(C)C(=C1)CC[C@H]1[C@@H]3C[C@H](C)[C@](O)(C(=O)CO)[C@@]3(C)C[C@H](O)C12F,0
106,1-[2-[(2R)-2-hydroxy-3-[4-(2-methylphenyl)piperazin-1-yl]propoxy]-4-methylphenyl]ethanone,CC(=O)c1ccc(C)cc1OC[C@H](O)CN1CCN(c2ccccc2C)CC1,1
428,Dexamethasone,C=C1C=C[C@@]2(C)C(=C1)CC[C@H]1[C@@H]3C[C@@H](C)[C@](O)(C(=O)CO)[C@@]3(C)C[C@H](O)C12F,0
368,"2-[(2R,3S)-3-(3,4-dimethoxyphenyl)-2-(hydroxymethyl)-2,3-dihydro-1,4-benzodioxin-6-yl]-5,7-dihydroxy-3-methoxychromen-4-one",COc1ccc([C@@H]2Oc3cc(-c4oc5cc(O)cc(O)c5c(=O)c4OC)ccc3O[C@@H]2CO)cc1OC,1
354,"4-{5-[4-(dimethylamino)phenyl]-2-{4-[3-(2-methoxyethoxy)prop-1-en-1-yl]phenyl}imidazol-4-yl}-N,N-dimethylaniline",COCCOC/C=C/c1ccc(-c2nc(-c3ccc(N(C)C)cc3)c(-c3ccc(N(C)C)cc3)[nH]2)cc1,1
366,Quipazine,c1ccc2nc(N3CCNCC3)ccc2c1,0
3,"2-amino-N-[4-[2-[(2R)-3,4-dihydro-1H-isoquinolin-2-yl]ethyl]phenyl]benzamide",Nc1ccccc1C(=O)Nc1ccc(CCN2CCc3ccccc3C2)cc1,1
206,Suxibuzone,CCCCC1(COC(=O)CCC(=O)O)C(=O)N(c2ccccc2)N(c2ccccc2)C1=O,0
655,Securinine,O=C1C=C2C=C[C@@H]3C[C@@]2(O1)[C@@H]1CCCCN31,0
842,1-[2-[(2S)-2-hydroxy-3-morpholin-4-ylpropoxy]phenyl]-3-phenylpropan-1-one,O=C(CCc1ccccc1)c1ccccc1OC[C@@H](O)CN1CCOCC1,1
400,Sulconazole,Clc1ccc(CS[C@@H](Cn2ccnc2)c2ccc(Cl)cc2Cl)cc1,0
4,"N-[4-[2-[(2R)-6,7-dimethoxy-3,4-dihydro-1H-isoquinolin-2-yl]ethyl]phenyl]-4-nitrobenzamide",COc1cc2c(cc1OC)CN(CCc1ccc(NC(=O)c3ccc([N+](=O)[O-])cc3)cc1)CC2,1
115,Primidolol,Cc1ccccc1OC[C@H](O)CNCCn1cc(C)c(=O)[nH]c1=O,0
749,"2-[(4-benzylbenzoyl)amino]-N-[2-[(2R)-6,7-dimethoxy-3,4-dihydro-1H-isoquinolin-2-yl]ethyl]benzamide",COc1cc2c(cc1OC)CN(CCNC(=O)c1ccccc1NC(=O)c1ccc(Cc3ccccc3)cc1)CC2,1
792,Dibenzylamine,c1ccc(CNCc2ccccc2)cc1,0
273,Daidzein,O=c1c(-c2ccc(O)cc2)coc2cc(O)ccc12,0
22,(1S)-2-[4-(3-methoxyphenyl)piperazin-1-yl]-1-(3-phenethyl-1-benzofuran-2-yl)ethanol,COc1cccc(N2CCN(C[C@H](O)c3oc4ccccc4c3CCc3ccccc3)CC2)c1,1
179,"1-[2-[(2S)-3-(2,2-diphenylethylamino)-2-hydroxypropoxy]phenyl]-3-phenylpropan-1-one",O=C(CCc1ccccc1)c1ccccc1OC[C@H](O)CNCC(c1ccccc1)c1ccccc1,1
272,"1-[2-[(2R)-3-(4,4-diphenylbutylamino)-2-hydroxypropoxy]phenyl]-3-phenylpropan-1-one",O=C(CCc1ccccc1)c1ccccc1OC[C@H](O)CNCCCC(c1ccccc1)c1ccccc1,1
84,1-methoxy-4-[[2-[2-(3-methoxyphenyl)ethyl]phenoxy]methyl]benzene,COc1ccc(COc2ccccc2CCc2cccc(OC)c2)cc1,1
22,Tolbutamide,CCCCNC(=O)NS(=O)(=O)c1ccc(C)cc1,0
766,2-[2-[2-(4-benzhydrylidenepiperidin-1-yl)ethoxy]ethoxy]aceticacid,O=C(O)COCCOCCN1CCC(=C(c2ccccc2)c2ccccc2)CC1,0
17,10-(4-morpholin-4-ylbutyl)acridin-10-ium-9-one,O=c1c2ccccc2n(CCCCN2CCOCC2)c2ccccc12,1
75,Imolamine,CCN(CC)CCn1c(-c2ccccc2)noc1=N,0
618,Astemizole,COc1ccc(CCN2CCC(Nc3nc4ccccc4n3Cc3ccc(F)cc3)CC2)cc1,1
307,N-[(2S)-2-hydroxy-3-[2-(3-phenylpropanoyl)phenoxy]propyl]-N-propylbenzamide,CCCN(C[C@H](O)COc1ccccc1C(=O)CCc1ccccc1)C(=O)c1ccccc1,1
724,1-[2-(4-morpholin-4-ylbutoxy)phenyl]-3-phenylpropan-1-one,O=C(CCc1ccccc1)c1ccccc1OCCCCN1CCOCC1,1
230,"4-[4-(2-Oxo-2-phenylethyl)piperazin-1-yl]-5,6,7,8-tetrahydro-1,3,4b-triazafluorene-9-carbonitrile",N#Cc1c2n(c3c(N4CCN(CC(=O)c5ccccc5)CC4)ncnc13)CCCC2,1
846,Seneciphylline,C=C1C/C(=C\C)C(=O)O[C@H]2CCN3CC=C(COC(=O)[C@]1(C)O)C23,0
